Time,Distance,PID
4903.298,930.0,100.0
4903.303,930.0,100.0
4903.315,930.0,100.0
4903.322,930.0,100.0
4903.329,930.0,100.0
4903.34,930.0,100.0
4903.351,930.0,100.0
4903.362,930.0,100.0
4903.367,930.0,100.0
4903.374,930.0,100.0
4903.382,930.0,100.0
4903.393,930.0,100.0
4903.405,923.0,100.0
4903.414,923.0,100.0
4903.419,923.0,100.0
4903.425,922.0,100.0
4903.433,922.0,100.0
4903.443,921.0,100.0
4903.45,921.0,100.0
4903.458,920.0,100.0
4903.461,920.0,100.0
4903.466,920.0,100.0
4903.472,920.0,100.0
4903.478,919.0,100.0
4903.483,919.0,100.0
4903.499,918.0,100.0
4903.511,898.0,95.0
4903.519,896.0,100.0
4903.526,894.0,100.0
4903.53,894.0,100.0
4903.541,891.0,100.0
4903.553,888.0,100.0
4903.564,885.0,100.0
4903.575,883.0,100.0
4903.58,882.0,100.0
4903.592,879.0,100.0
4903.604,860.0,93.0
4903.613,856.0,100.0
4903.624,852.0,100.0
4903.635,848.0,100.0
4903.647,843.0,100.0
4903.655,839.0,100.0
4903.658,838.0,100.0
4903.663,836.0,100.0
4903.674,832.0,100.0
4903.685,827.0,100.0
4903.703,805.0,93.0
4903.713,799.0,98.0
4903.724,793.0,98.0
4903.73,790.0,98.0
4903.741,784.0,97.0
4903.752,778.0,97.0
4903.763,772.0,96.0
4903.774,766.0,96.0
4903.78,762.0,95.0
4903.79,757.0,96.0
4903.798,752.0,95.0
4903.819,736.0,93.0
4903.828,731.0,94.0
4903.834,727.0,93.0
4903.842,722.0,93.0
4903.845,720.0,92.0
4903.85,717.0,93.0
4903.856,714.0,93.0
4903.862,710.0,92.0
4903.867,707.0,92.0
4903.878,701.0,92.0
4903.883,698.0,92.0
4903.89,694.0,92.0
4903.895,691.0,91.0
4903.9,688.0,91.0
4903.912,656.0,73.0
4903.922,647.0,86.0
4903.933,638.0,86.0
4903.943,629.0,85.0
4903.955,619.0,85.0
4903.965,610.0,84.0
4903.976,601.0,84.0
4903.982,595.0,82.0
4903.996,583.0,83.0
4904.007,571.0,80.0
4904.015,563.0,80.0
4904.026,554.0,81.0
4904.032,548.0,79.0
4904.038,543.0,80.0
4904.049,533.0,79.0
4904.061,522.0,78.0
4904.071,513.0,78.0
4904.082,504.0,78.0
4904.093,494.0,77.0
4904.098,489.0,76.0
4904.105,483.0,77.0
4904.124,475.0,80.0
4904.128,471.0,75.0
4904.133,467.0,76.0
4904.139,463.0,77.0
4904.149,454.0,75.0
4904.165,442.0,75.0
4904.172,435.0,73.0
4904.18,429.0,74.0
4904.184,425.0,72.0
4904.195,416.0,73.0
4904.2,412.0,73.0
4904.205,408.0,73.0
4904.213,375.0,-55.0
4904.221,366.0,67.0
4904.226,361.0,68.0
4904.241,344.0,66.0
4904.248,336.0,66.0
4904.256,328.0,66.0
4904.259,324.0,63.0
4904.264,319.0,66.0
4904.27,312.0,64.0
4904.277,304.0,64.0
4904.281,300.0,65.0
4904.297,283.0,63.0
4904.304,274.0,61.0
4904.315,268.0,66.0
4904.325,258.0,62.0
4904.33,253.0,62.0
4904.336,246.0,60.0
4904.344,238.0,61.0
4904.353,229.0,60.0
4904.364,217.0,59.0
4904.37,211.0,59.0
4904.378,202.0,58.0
4904.382,198.0,58.0
4904.387,193.0,58.0
4904.393,187.0,58.0
4904.402,177.0,56.0
4904.42,164.0,59.0
4904.43,154.0,56.0
4904.436,148.0,55.0
4904.444,140.0,55.0
4904.447,137.0,55.0
4904.458,126.0,54.0
4904.463,121.0,54.0
4904.474,110.0,53.0
4904.484,100.0,53.0
4904.5,84.0,52.0
4904.512,72.0,51.0
4904.524,52.0,-55.0
4904.533,43.0,0.0
4904.535,41.0,0.0
4904.535,41.0,0.0
4904.536,40.0,0.0
4904.542,33.0,-52.0
4904.543,32.0,-51.0
4904.554,20.0,-52.0
4904.561,13.0,-52.0
4904.568,5.0,-53.0
4904.578,-5.0,-53.0
4904.589,-17.0,-54.0
4904.6,-29.0,-55.0
4904.611,-40.0,-55.0
4904.624,-58.0,-59.0
4904.632,-67.0,-58.0
4904.643,-79.0,-58.0
4904.65,-86.0,-58.0
4904.656,-93.0,-60.0
4904.661,-98.0,-59.0
4904.667,-105.0,-61.0
4904.678,-117.0,-61.0
4904.69,-130.0,-62.0
4904.7,-141.0,-63.0
4904.711,-153.0,-64.0
4904.723,-132.0,59.0
4904.732,-139.0,-60.0
4904.739,-144.0,-60.0
4904.746,-150.0,-62.0
4904.754,-156.0,-62.0
4904.757,-158.0,-61.0
4904.763,-162.0,-61.0
4904.769,-167.0,-63.0
4904.775,-172.0,-64.0
4904.78,-175.0,-62.0
4904.785,-179.0,-64.0
4904.796,-188.0,-65.0
4904.809,-198.0,-65.0
4904.819,-179.0,56.0
4904.832,-185.0,-62.0
4904.843,-191.0,-64.0
4904.852,-195.0,-63.0
4904.864,-201.0,-64.0
4904.876,-207.0,-65.0
4904.881,-209.0,-64.0
4904.888,-213.0,-66.0
4904.892,-215.0,-66.0
4904.903,-220.0,-66.0
4904.915,-226.0,-67.0
4904.926,-199.0,57.0
4904.935,-200.0,-63.0
4904.941,-201.0,-63.0
4904.952,-204.0,-65.0
4904.963,-206.0,-64.0
4904.97,-207.0,-64.0
4904.98,-209.0,-65.0
4904.991,-211.0,-65.0
4904.998,-212.0,-65.0
4905.009,-214.0,-66.0
4905.021,-194.0,0.0
4905.03,-194.0,-63.0
4905.031,-194.0,-63.0
4905.042,-194.0,-64.0
4905.053,-193.0,-63.0
4905.065,-193.0,-64.0
4905.075,-192.0,-63.0
4905.086,-192.0,-64.0
4905.097,-191.0,-64.0
4905.108,-191.0,-65.0
4905.115,-190.0,-64.0
4905.127,-187.0,-63.0
4905.131,-187.0,-65.0
4905.139,-187.0,-65.0
4905.142,-186.0,-62.0
4905.148,-186.0,-65.0
4905.159,-185.0,-65.0
4905.17,-185.0,-65.0
4905.181,-184.0,-65.0
4905.191,-183.0,-65.0
4905.202,-182.0,-65.0
4905.209,-182.0,-65.0
4905.22,-181.0,-65.0
4905.23,-177.0,-62.0
4905.239,-177.0,-65.0
4905.246,-176.0,-64.0
4905.258,-175.0,-64.0
4905.266,-174.0,-64.0
4905.277,-173.0,-64.0
4905.282,-172.0,-63.0
4905.289,-172.0,-65.0
4905.301,-171.0,-64.0
4905.313,-169.0,-63.0
4905.322,-168.0,-64.0
4905.334,-161.0,-59.0
4905.343,-160.0,-63.0
4905.355,-158.0,-63.0
4905.367,-156.0,-63.0
4905.379,-154.0,-62.0
4905.388,-153.0,-63.0
4905.399,-151.0,-62.0
4905.412,-149.0,-62.0
4905.424,-147.0,-62.0
4905.432,-138.0,-54.0
4905.441,-136.0,-61.0
4905.447,-135.0,-61.0
4905.454,-133.0,-60.0
4905.465,-131.0,-61.0
4905.474,-128.0,-60.0
4905.485,-126.0,-61.0
4905.491,-124.0,-59.0
4905.498,-123.0,-61.0
4905.502,-122.0,-60.0
4905.507,-121.0,-60.0
4905.513,-119.0,-59.0
4905.519,-118.0,-60.0
4905.524,-117.0,-60.0
4905.54,-116.0,-61.0
4905.551,-114.0,-60.0
4905.56,-112.0,-59.0
4905.571,-110.0,-60.0
4905.578,-109.0,-60.0
4905.589,-106.0,-59.0
4905.594,-105.0,-59.0
4905.601,-104.0,-60.0
4905.605,-103.0,-59.0
4905.616,-101.0,-59.0
4905.621,-100.0,-59.0
4905.632,-82.0,53.0
4905.641,-79.0,-57.0
4905.648,-76.0,-56.0
4905.659,-72.0,-56.0
4905.669,-68.0,-55.0
4905.679,-65.0,-56.0
4905.686,-62.0,-55.0
4905.696,-58.0,-55.0
4905.707,-54.0,-55.0
4905.714,-52.0,-55.0
4905.725,-48.0,-54.0
4905.737,-55.0,-62.0
4905.747,-53.0,-56.0
4905.757,-50.0,-55.0
4905.768,-47.0,-55.0
4905.783,-44.0,-56.0
4905.791,-41.0,-54.0
4905.801,-39.0,-55.0
4905.812,-36.0,-54.0
4905.825,-33.0,-55.0
4905.835,-29.0,-53.0
4905.849,-26.0,-54.0
4905.859,-23.0,-53.0
4905.869,-20.0,-53.0
4905.875,-19.0,-54.0
4905.88,-17.0,-52.0
4905.885,-16.0,-54.0
4905.896,-13.0,-53.0
4905.907,-10.0,-53.0
4905.918,-7.0,-53.0
4905.929,-4.0,-53.0
4905.941,1.0,-51.0
4905.95,3.0,-53.0
4905.956,5.0,-52.0
4905.961,6.0,-53.0
4905.971,9.0,-52.0
4905.98,12.0,-51.0
4905.99,15.0,-51.0
4905.991,15.0,-54.0
4906.002,18.0,-51.0
4906.013,21.0,-51.0
4906.024,24.0,-51.0
4906.036,28.0,0.0
4906.047,29.0,-52.0
4906.048,29.0,-53.0
4906.064,33.0,0.0
4906.075,36.0,0.0
4906.076,36.0,-52.0
4906.077,37.0,55.0
4906.087,39.0,0.0
4906.093,41.0,0.0
4906.094,41.0,-52.0
4906.095,41.0,-52.0
4906.108,45.0,0.0
4906.111,46.0,0.0
4906.112,46.0,-51.0
4906.113,46.0,-51.0
4906.127,50.0,0.0
4906.139,63.0,58.0
4906.139,63.0,0.0
4906.15,67.0,52.0
4906.151,67.0,0.0
4906.157,70.0,53.0
4906.158,70.0,0.0
4906.168,74.0,53.0
4906.169,74.0,0.0
4906.18,78.0,53.0
4906.181,78.0,0.0
4906.186,80.0,53.0
4906.187,81.0,58.0
4906.198,85.0,54.0
4906.206,88.0,54.0
4906.213,90.0,53.0
4906.223,94.0,55.0
4906.229,96.0,54.0
4906.235,98.0,54.0
4906.243,85.0,-61.0
4906.245,85.0,51.0
4906.256,87.0,53.0
4906.263,89.0,54.0
4906.274,91.0,53.0
4906.282,93.0,54.0
4906.289,94.0,53.0
4906.299,97.0,55.0
4906.305,98.0,54.0
4906.311,99.0,54.0
4906.316,100.0,54.0
4906.322,101.0,54.0
4906.333,104.0,55.0
4906.349,89.0,-54.0
4906.355,89.0,52.0
4906.366,89.0,52.0
4906.377,90.0,53.0
4906.388,90.0,53.0
4906.395,90.0,53.0
4906.406,91.0,54.0
4906.411,91.0,53.0
4906.419,91.0,53.0
4906.422,91.0,53.0
4906.428,92.0,55.0
4906.434,92.0,53.0
4906.441,82.0,-58.0
4906.444,82.0,53.0
4906.455,82.0,53.0
4906.47,81.0,52.0
4906.477,80.0,52.0
4906.488,79.0,52.0
4906.493,79.0,53.0
4906.5,79.0,53.0
4906.504,78.0,51.0
4906.51,78.0,53.0
4906.517,77.0,52.0
4906.524,77.0,53.0
4906.534,76.0,52.0
4906.546,73.0,51.0
4906.555,73.0,53.0
4906.564,72.0,52.0
4906.573,71.0,52.0
4906.58,71.0,53.0
4906.584,70.0,51.0
4906.595,69.0,52.0
4906.6,69.0,53.0
4906.606,68.0,52.0
4906.612,68.0,53.0
4906.617,67.0,52.0
4906.623,67.0,53.0
4906.634,66.0,52.0
4906.647,55.0,-53.0
4906.655,54.0,52.0
4906.657,54.0,53.0
4906.667,52.0,51.0
4906.673,51.0,51.0
4906.678,50.0,51.0
4906.685,49.0,51.0
4906.689,48.0,0.0
4906.704,45.0,51.0
4906.705,45.0,52.0
4906.716,43.0,51.0
4906.73,41.0,51.0
4906.742,38.0,0.0
4906.75,35.0,0.0
4906.751,35.0,52.0
4906.751,35.0,0.0
4906.757,34.0,0.0
4906.758,34.0,52.0
4906.758,34.0,0.0
4906.772,31.0,0.0
4906.773,31.0,52.0
4906.774,31.0,52.0
4906.785,29.0,0.0
4906.795,27.0,0.0
4906.796,26.0,-56.0
4906.801,25.0,0.0
4906.808,24.0,0.0
4906.809,24.0,51.0
4906.809,24.0,0.0
4906.82,22.0,0.0
4906.821,22.0,51.0
4906.827,20.0,-51.0
4906.839,18.0,0.0
4906.85,10.0,-54.0
4906.85,10.0,0.0
4906.86,8.0,0.0
4906.861,8.0,0.0
4906.862,7.0,-57.0
4906.862,7.0,0.0
4906.868,6.0,0.0
4906.869,6.0,0.0
4906.87,5.0,-57.0
4906.87,5.0,0.0
4906.881,3.0,0.0
4906.882,2.0,-57.0
4906.887,1.0,-51.0
4906.894,-1.0,-51.0
4906.902,-3.0,-51.0
4906.905,-3.0,0.0
4906.911,-5.0,-52.0
4906.911,-5.0,0.0
4906.924,-8.0,-51.0
4906.925,-8.0,0.0
4906.936,-11.0,-52.0
4906.939,-12.0,-52.0
4906.952,-6.0,53.0
4906.96,-7.0,0.0
4906.967,-8.0,-51.0
4906.968,-8.0,0.0
4906.98,-10.0,-51.0
4906.981,-10.0,0.0
4906.992,-12.0,-51.0
4906.992,-12.0,0.0
4907.003,-14.0,-51.0
4907.004,-14.0,0.0
4907.015,-16.0,-52.0
4907.021,-16.0,0.0
4907.038,-19.0,-52.0
4907.039,-19.0,0.0
4907.051,-5.0,59.0
4907.052,-5.0,0.0
4907.058,-5.0,0.0
4907.058,-5.0,0.0
4907.059,-5.0,0.0
4907.06,-5.0,0.0
4907.061,-5.0,0.0
4907.062,-5.0,0.0
4907.063,-5.0,0.0
4907.064,-5.0,0.0
4907.065,-5.0,0.0
4907.066,-5.0,0.0
4907.067,-5.0,0.0
4907.067,-5.0,0.0
4907.068,-5.0,0.0
4907.069,-5.0,0.0
4907.072,-5.0,0.0
4907.073,-5.0,0.0
4907.073,-5.0,0.0
4907.074,-5.0,0.0
4907.075,-5.0,0.0
4907.076,-5.0,0.0
4907.077,-5.0,0.0
4907.079,-5.0,0.0
4907.08,-5.0,0.0
4907.081,-5.0,0.0
4907.082,-5.0,0.0
4907.083,-5.0,0.0
4907.083,-5.0,0.0
4907.084,-5.0,0.0
4907.085,-5.0,0.0
4907.086,-5.0,0.0
4907.087,-5.0,0.0
4907.087,-5.0,0.0
4907.088,-5.0,0.0
4907.089,-5.0,0.0
4907.09,-5.0,0.0
4907.091,-5.0,0.0
4907.092,-5.0,0.0
4907.093,-5.0,0.0
4907.094,-5.0,0.0
4907.095,-5.0,0.0
4907.096,-5.0,0.0
4907.096,-5.0,0.0
4907.097,-5.0,0.0
4907.098,-5.0,0.0
4907.104,-5.0,0.0
4907.105,-5.0,0.0
4907.105,-5.0,0.0
4907.106,-5.0,0.0
4907.107,-5.0,0.0
4907.108,-5.0,0.0
4907.113,-5.0,0.0
4907.113,-5.0,0.0
4907.114,-5.0,0.0
4907.115,-5.0,0.0
4907.116,-5.0,0.0
4907.117,-5.0,0.0
4907.12,-5.0,0.0
4907.121,-5.0,0.0
4907.122,-5.0,0.0
4907.124,-5.0,0.0
4907.125,-5.0,0.0
4907.128,-5.0,0.0
4907.13,-5.0,0.0
4907.131,-5.0,0.0
4907.133,-5.0,0.0
4907.136,-5.0,0.0
4907.137,-5.0,0.0
4907.139,-5.0,0.0
4907.14,-5.0,0.0
4907.142,-5.0,0.0
4907.143,-5.0,0.0
4907.144,-5.0,0.0
4907.146,-5.0,0.0
4907.147,-5.0,0.0
4907.151,-4.0,52.0
4907.151,-4.0,0.0
4907.162,-4.0,0.0
4907.165,-4.0,0.0
4907.166,-4.0,0.0
4907.167,-4.0,0.0
4907.168,-4.0,0.0
4907.168,-4.0,0.0
4907.169,-4.0,0.0
4907.17,-4.0,0.0
4907.176,-4.0,0.0
4907.176,-4.0,0.0
4907.177,-4.0,0.0
4907.178,-4.0,0.0
4907.179,-4.0,0.0
4907.18,-4.0,0.0
4907.182,-4.0,0.0
4907.183,-4.0,0.0
4907.184,-4.0,0.0
4907.185,-4.0,0.0
4907.186,-4.0,0.0
4907.186,-4.0,0.0
4907.187,-4.0,0.0
4907.188,-4.0,0.0
4907.189,-4.0,0.0
4907.19,-4.0,0.0
4907.19,-4.0,0.0
4907.191,-4.0,0.0
4907.192,-4.0,0.0
4907.193,-4.0,0.0
4907.194,-4.0,0.0
4907.195,-4.0,0.0
4907.196,-4.0,0.0
4907.197,-4.0,0.0
4907.198,-4.0,0.0
4907.199,-4.0,0.0
4907.199,-4.0,0.0
4907.2,-4.0,0.0
4907.201,-4.0,0.0
4907.206,-4.0,0.0
4907.207,-4.0,0.0
4907.208,-4.0,0.0
4907.208,-4.0,0.0
4907.209,-4.0,0.0
4907.21,-4.0,0.0
4907.211,-4.0,0.0
4907.216,-4.0,0.0
4907.218,-4.0,0.0
4907.219,-4.0,0.0
4907.22,-4.0,0.0
4907.223,-4.0,0.0
4907.224,-4.0,0.0
4907.225,-4.0,0.0
4907.227,-4.0,0.0
4907.228,-4.0,0.0
4907.232,-4.0,0.0
4907.233,-4.0,0.0
4907.234,-4.0,0.0
4907.236,-4.0,0.0
4907.242,-4.0,0.0
4907.244,-4.0,0.0
4907.245,-4.0,0.0
4907.248,-3.0,52.0
4907.251,-7.0,-60.0
4907.26,-7.0,0.0
4907.271,-7.0,0.0
4907.272,-7.0,0.0
4907.273,-7.0,0.0
4907.274,-7.0,0.0
4907.274,-7.0,0.0
4907.275,-7.0,0.0
4907.276,-7.0,0.0
4907.277,-7.0,0.0
4907.278,-7.0,0.0
4907.279,-7.0,0.0
4907.28,-7.0,0.0
4907.281,-7.0,0.0
4907.282,-7.0,0.0
4907.283,-7.0,0.0
4907.283,-7.0,0.0
4907.284,-7.0,0.0
4907.285,-7.0,0.0
4907.291,-7.0,0.0
4907.292,-7.0,0.0
4907.292,-7.0,0.0
4907.293,-7.0,0.0
4907.294,-7.0,0.0
4907.295,-7.0,0.0
4907.3,-7.0,0.0
4907.3,-7.0,0.0
4907.301,-8.0,-58.0
4907.302,-8.0,0.0
4907.308,-8.0,0.0
4907.308,-8.0,0.0
4907.309,-8.0,0.0
4907.31,-8.0,0.0
4907.311,-8.0,0.0
4907.311,-8.0,0.0
4907.315,-8.0,0.0
4907.316,-8.0,0.0
4907.318,-8.0,0.0
4907.319,-8.0,0.0
4907.322,-8.0,0.0
4907.324,-8.0,0.0
4907.325,-8.0,0.0
4907.327,-8.0,0.0
4907.328,-8.0,0.0
4907.329,-8.0,0.0
4907.331,-8.0,0.0
4907.332,-8.0,0.0
4907.334,-8.0,0.0
4907.336,-8.0,0.0
4907.337,-8.0,0.0
4907.339,-8.0,0.0
4907.34,-8.0,0.0
4907.346,-8.0,0.0
4907.347,-8.0,0.0
4907.348,-8.0,0.0
4907.35,-8.0,0.0
4907.356,-6.0,52.0
4907.357,-6.0,0.0
4907.368,-6.0,0.0
4907.371,-6.0,0.0
4907.372,-6.0,0.0
4907.373,-6.0,0.0
4907.373,-6.0,0.0
4907.374,-6.0,0.0
4907.375,-6.0,0.0
4907.376,-6.0,0.0
4907.379,-6.0,0.0
4907.379,-6.0,0.0
4907.38,-6.0,0.0
4907.381,-6.0,0.0
4907.382,-6.0,0.0
4907.383,-6.0,0.0
4907.383,-6.0,0.0
4907.384,-6.0,0.0
4907.385,-6.0,0.0
4907.386,-6.0,0.0
4907.387,-6.0,0.0
4907.387,-6.0,0.0
4907.388,-6.0,0.0
4907.389,-6.0,0.0
4907.39,-6.0,0.0
4907.392,-6.0,0.0
4907.392,-6.0,0.0
4907.393,-6.0,0.0
4907.394,-6.0,0.0
4907.395,-6.0,0.0
4907.396,-6.0,0.0
4907.396,-6.0,0.0
4907.397,-6.0,0.0
4907.402,-6.0,0.0
4907.403,-6.0,0.0
4907.404,-6.0,0.0
4907.404,-6.0,0.0
4907.405,-6.0,0.0
4907.406,-6.0,0.0
4907.407,-6.0,0.0
4907.409,-6.0,0.0
4907.409,-6.0,0.0
4907.411,-6.0,0.0
4907.412,-6.0,0.0
4907.413,-6.0,0.0
4907.417,-6.0,0.0
4907.418,-6.0,0.0
4907.42,-6.0,0.0
4907.421,-6.0,0.0
4907.424,-6.0,0.0
4907.426,-6.0,0.0
4907.427,-6.0,0.0
4907.429,-6.0,0.0
4907.43,-6.0,0.0
4907.431,-6.0,0.0
4907.433,-6.0,0.0
4907.434,-6.0,0.0
4907.436,-6.0,0.0
4907.438,-6.0,0.0
4907.439,-6.0,0.0
4907.441,-6.0,0.0
4907.442,-6.0,0.0
4907.448,-6.0,0.0
4907.449,-6.0,0.0
4907.45,-6.0,0.0
4907.453,-4.0,55.0
4907.458,-4.0,0.0
4907.459,-4.0,0.0
4907.46,-4.0,0.0
4907.461,-4.0,0.0
4907.461,-4.0,0.0
4907.462,-4.0,0.0
4907.463,-4.0,0.0
4907.465,-4.0,0.0
4907.466,-4.0,0.0
4907.466,-4.0,0.0
4907.467,-4.0,0.0
4907.468,-4.0,0.0
4907.469,-4.0,0.0
4907.47,-4.0,0.0
4907.472,-4.0,0.0
4907.473,-4.0,0.0
4907.474,-4.0,0.0
4907.475,-4.0,0.0
4907.476,-4.0,0.0
4907.476,-4.0,0.0
4907.477,-4.0,0.0
4907.478,-4.0,0.0
4907.481,-4.0,0.0
4907.482,-4.0,0.0
4907.482,-4.0,0.0
4907.483,-4.0,0.0
4907.484,-4.0,0.0
4907.485,-4.0,0.0
4907.486,-4.0,0.0
4907.486,-4.0,0.0
4907.487,-4.0,0.0
4907.488,-4.0,0.0
4907.489,-4.0,0.0
4907.49,-4.0,0.0
4907.49,-4.0,0.0
4907.491,-4.0,0.0
4907.492,-4.0,0.0
4907.494,-4.0,0.0
4907.495,-4.0,0.0
4907.495,-4.0,0.0
4907.496,-4.0,0.0
4907.497,-4.0,0.0
4907.498,-4.0,0.0
4907.499,-4.0,0.0
4907.504,-3.0,51.0
4907.504,-3.0,0.0
4907.515,-3.0,0.0
4907.516,-3.0,0.0
4907.517,-3.0,0.0
4907.519,-3.0,0.0
4907.521,-3.0,0.0
4907.522,-3.0,0.0
4907.524,-3.0,0.0
4907.525,-3.0,0.0
4907.529,-3.0,0.0
4907.53,-3.0,0.0
4907.531,-3.0,0.0
4907.533,-3.0,0.0
4907.534,-3.0,0.0
4907.537,-3.0,0.0
4907.539,-3.0,0.0
4907.54,-3.0,0.0
4907.542,-3.0,0.0
4907.543,-3.0,0.0
4907.544,-3.0,0.0
4907.546,-3.0,0.0
4907.547,-3.0,0.0
4907.55,-3.0,0.0
4907.551,-3.0,0.0
4907.552,-3.0,0.0
4907.555,-6.0,-58.0
4907.56,-6.0,0.0
4907.561,-6.0,0.0
4907.562,-6.0,0.0
4907.563,-6.0,0.0
4907.563,-6.0,0.0
4907.564,-6.0,0.0
4907.565,-6.0,0.0
4907.567,-6.0,0.0
4907.568,-6.0,0.0
4907.568,-6.0,0.0
4907.569,-6.0,0.0
4907.57,-6.0,0.0
4907.571,-6.0,0.0
4907.572,-6.0,0.0
4907.574,-6.0,0.0
4907.575,-6.0,0.0
4907.576,-6.0,0.0
4907.577,-6.0,0.0
4907.578,-6.0,0.0
4907.578,-6.0,0.0
4907.579,-6.0,0.0
4907.58,-6.0,0.0
4907.586,-6.0,0.0
4907.587,-6.0,0.0
4907.587,-6.0,0.0
4907.588,-6.0,0.0
4907.589,-6.0,0.0
4907.59,-6.0,0.0
4907.593,-6.0,0.0
4907.593,-6.0,0.0
4907.594,-6.0,0.0
4907.595,-6.0,0.0
4907.596,-6.0,0.0
4907.597,-6.0,0.0
4907.597,-6.0,0.0
4907.598,-6.0,0.0
4907.599,-6.0,0.0
4907.6,-6.0,0.0
4907.601,-6.0,0.0
4907.601,-6.0,0.0
4907.602,-6.0,0.0
4907.603,-6.0,0.0
4907.604,-6.0,0.0
4907.606,-6.0,0.0
4907.607,-6.0,0.0
4907.608,-6.0,0.0
4907.61,-6.0,0.0
4907.611,-6.0,0.0
4907.617,-6.0,0.0
4907.618,-6.0,0.0
4907.619,-6.0,0.0
4907.621,-6.0,0.0
4907.626,-6.0,0.0
4907.627,-6.0,0.0
4907.629,-6.0,0.0
4907.63,-6.0,0.0
4907.633,-6.0,0.0
4907.634,-6.0,0.0
4907.635,-6.0,0.0
4907.637,-6.0,0.0
4907.638,-6.0,0.0
4907.642,-6.0,0.0
4907.643,-6.0,0.0
4907.644,-6.0,0.0
4907.646,-6.0,0.0
4907.649,-6.0,0.0
4907.651,-6.0,0.0
4907.652,-6.0,0.0
4907.653,-6.0,0.0
4907.656,-4.0,55.0
4907.657,-4.0,0.0
4907.672,-4.0,0.0
4907.672,-4.0,0.0
4907.673,-4.0,0.0
4907.674,-4.0,0.0
4907.675,-4.0,0.0
4907.676,-4.0,0.0
4907.676,-4.0,0.0
4907.677,-4.0,0.0
4907.683,-4.0,0.0
4907.684,-4.0,0.0
4907.685,-4.0,0.0
4907.685,-4.0,0.0
4907.686,-4.0,0.0
4907.687,-4.0,0.0
4907.692,-4.0,0.0
4907.693,-4.0,0.0
4907.693,-4.0,0.0
4907.694,-4.0,0.0
4907.695,-4.0,0.0
4907.696,-4.0,0.0
4907.697,-4.0,0.0
4907.698,-4.0,0.0
4907.699,-4.0,0.0
4907.7,-4.0,0.0
4907.701,-4.0,0.0
4907.702,-4.0,0.0
4907.702,-4.0,0.0
4907.703,-4.0,0.0
4907.707,-4.0,0.0
4907.708,-4.0,0.0
4907.709,-4.0,0.0
4907.711,-4.0,0.0
4907.712,-4.0,0.0
4907.715,-4.0,0.0
4907.717,-4.0,0.0
4907.718,-4.0,0.0
4907.72,-4.0,0.0
4907.721,-4.0,0.0
4907.722,-4.0,0.0
4907.724,-4.0,0.0
4907.725,-4.0,0.0
4907.728,-4.0,0.0
4907.729,-4.0,0.0
4907.73,-4.0,0.0
4907.732,-4.0,0.0
4907.733,-4.0,0.0
4907.739,-4.0,0.0
4907.74,-4.0,0.0
4907.741,-4.0,0.0
4907.743,-4.0,0.0
4907.748,-4.0,0.0
4907.749,-4.0,0.0
4907.751,-4.0,0.0
4907.752,-4.0,0.0
4907.755,-4.0,0.0
4907.757,-6.0,-58.0
4907.758,-6.0,0.0
4907.771,-6.0,0.0
4907.772,-6.0,0.0
4907.772,-6.0,0.0
4907.773,-6.0,0.0
4907.774,-6.0,0.0
4907.775,-6.0,0.0
4907.776,-6.0,0.0
4907.776,-6.0,0.0
4907.777,-6.0,0.0
4907.778,-6.0,0.0
4907.779,-6.0,0.0
4907.78,-6.0,0.0
4907.78,-6.0,0.0
4907.781,-6.0,0.0
4907.782,-6.0,0.0
4907.784,-6.0,0.0
4907.785,-6.0,0.0
4907.785,-6.0,0.0
4907.786,-6.0,0.0
4907.787,-6.0,0.0
4907.788,-6.0,0.0
4907.789,-6.0,0.0
4907.794,-6.0,0.0
4907.794,-6.0,0.0
4907.795,-6.0,0.0
4907.796,-6.0,0.0
4907.797,-6.0,0.0
4907.797,-6.0,0.0
4907.798,-6.0,0.0
4907.799,-6.0,0.0
4907.805,-6.0,0.0
4907.806,-6.0,0.0
4907.807,-6.0,0.0
4907.809,-6.0,0.0
4907.811,-6.0,0.0
4907.812,-6.0,0.0
4907.814,-6.0,0.0
4907.815,-6.0,0.0
4907.819,-6.0,0.0
4907.82,-6.0,0.0
4907.821,-6.0,0.0
4907.823,-6.0,0.0
4907.824,-6.0,0.0
4907.827,-6.0,0.0
4907.829,-6.0,0.0
4907.83,-6.0,0.0
4907.832,-6.0,0.0
4907.833,-6.0,0.0
4907.834,-6.0,0.0
4907.836,-6.0,0.0
4907.837,-6.0,0.0
4907.84,-6.0,0.0
4907.841,-6.0,0.0
4907.842,-6.0,0.0
4907.844,-6.0,0.0
4907.845,-6.0,0.0
4907.851,-6.0,0.0
4907.852,-6.0,0.0
4907.853,-6.0,0.0
4907.855,-6.0,0.0
4907.858,-7.0,-53.0
4907.859,-7.0,0.0
4907.87,-7.0,0.0
4907.873,-7.0,0.0
4907.874,-7.0,0.0
4907.874,-7.0,0.0
4907.875,-7.0,0.0
4907.876,-7.0,0.0
4907.877,-7.0,0.0
4907.877,-7.0,0.0
4907.878,-7.0,0.0
4907.879,-7.0,0.0
4907.88,-7.0,0.0
4907.881,-7.0,0.0
4907.882,-7.0,0.0
4907.882,-7.0,0.0
4907.883,-7.0,0.0
4907.884,-7.0,0.0
4907.886,-7.0,0.0
4907.887,-7.0,0.0
4907.887,-7.0,0.0
4907.888,-7.0,0.0
4907.889,-7.0,0.0
4907.89,-7.0,0.0
4907.89,-7.0,0.0
4907.891,-7.0,0.0
4907.896,-7.0,0.0
4907.897,-7.0,0.0
4907.898,-7.0,0.0
4907.899,-7.0,0.0
4907.899,-7.0,0.0
4907.901,-7.0,0.0
4907.906,-7.0,0.0
4907.908,-7.0,0.0
4907.909,-7.0,0.0
4907.91,-7.0,0.0
4907.913,-7.0,0.0
4907.914,-7.0,0.0
4907.915,-7.0,0.0
4907.917,-7.0,0.0
4907.918,-7.0,0.0
4907.922,-7.0,0.0
4907.923,-7.0,0.0
4907.924,-7.0,0.0
4907.926,-7.0,0.0
4907.929,-7.0,0.0
4907.931,-7.0,0.0
4907.932,-7.0,0.0
4907.933,-7.0,0.0
4907.935,-7.0,0.0
4907.936,-7.0,0.0
4907.938,-7.0,0.0
4907.939,-7.0,0.0
4907.941,-7.0,0.0
4907.943,-7.0,0.0
4907.944,-7.0,0.0
4907.946,-7.0,0.0
4907.947,-7.0,0.0
4907.952,-7.0,0.0
4907.954,-7.0,0.0
4907.955,-7.0,0.0
4907.957,-7.0,0.0
4907.963,-6.0,0.0
4907.964,-6.0,0.0
4907.965,-6.0,0.0
4907.966,-6.0,0.0
4907.966,-6.0,0.0
4907.967,-6.0,0.0
4907.969,-6.0,0.0
4907.97,-6.0,0.0
4907.971,-6.0,0.0
4907.971,-6.0,0.0
4907.972,-6.0,0.0
4907.973,-6.0,0.0
4907.974,-6.0,0.0
4907.979,-6.0,0.0
4907.98,-6.0,0.0
4907.981,-6.0,0.0
4907.982,-6.0,0.0
4907.983,-6.0,0.0
4907.983,-6.0,0.0
4907.984,-6.0,0.0
4907.989,-6.0,0.0
4907.99,-6.0,0.0
4907.991,-6.0,0.0
4907.992,-6.0,0.0
4907.992,-6.0,0.0
4907.993,-6.0,0.0
4907.994,-6.0,0.0
4907.999,-6.0,0.0
4908.001,-6.0,0.0
4908.002,-6.0,0.0
4908.004,-6.0,0.0
4908.006,-6.0,0.0
4908.007,-6.0,0.0
4908.009,-6.0,0.0
4908.01,-6.0,0.0
4908.013,-6.0,0.0
4908.015,-6.0,0.0
4908.016,-6.0,0.0
4908.018,-6.0,0.0
4908.019,-6.0,0.0
4908.022,-6.0,0.0
4908.024,-6.0,0.0
4908.025,-6.0,0.0
4908.027,-6.0,0.0
4908.028,-6.0,0.0
4908.029,-6.0,0.0
4908.031,-6.0,0.0
4908.032,-6.0,0.0
4908.035,-6.0,0.0
4908.036,-6.0,0.0
4908.037,-6.0,0.0
4908.039,-6.0,0.0
4908.04,-6.0,0.0
4908.046,-6.0,0.0
4908.047,-6.0,0.0
4908.048,-6.0,0.0
4908.05,-6.0,0.0
4908.052,-6.0,0.0
4908.053,-6.0,0.0
4908.055,-6.0,0.0
4908.056,-6.0,0.0
4908.061,-4.0,52.0
4908.061,-4.0,0.0
4908.072,-4.0,0.0
4908.073,-4.0,0.0
4908.074,-4.0,0.0
4908.075,-4.0,0.0
4908.078,-4.0,0.0
4908.078,-4.0,0.0
4908.079,-4.0,0.0
4908.08,-4.0,0.0
4908.081,-4.0,0.0
4908.082,-4.0,0.0
4908.082,-4.0,0.0
4908.083,-4.0,0.0
4908.084,-4.0,0.0
4908.085,-4.0,0.0
4908.086,-4.0,0.0
4908.086,-4.0,0.0
4908.087,-4.0,0.0
4908.088,-4.0,0.0
4908.089,-4.0,0.0
4908.091,-4.0,0.0
4908.091,-4.0,0.0
4908.092,-4.0,0.0
4908.093,-4.0,0.0
4908.094,-4.0,0.0
4908.095,-4.0,0.0
4908.095,-4.0,0.0
4908.101,-4.0,0.0
4908.102,-4.0,0.0
4908.104,-4.0,0.0
4908.105,-4.0,0.0
4908.107,-4.0,0.0
4908.109,-3.0,53.0
4908.11,-3.0,0.0
4908.121,-3.0,0.0
4908.125,-3.0,0.0
4908.126,-3.0,0.0
4908.127,-3.0,0.0
4908.129,-3.0,0.0
4908.13,-3.0,0.0
4908.132,-3.0,0.0
4908.133,-3.0,0.0
4908.134,-3.0,0.0
4908.137,-3.0,0.0
4908.138,-3.0,0.0
4908.139,-3.0,0.0
4908.141,-3.0,0.0
4908.142,-3.0,0.0
4908.149,-3.0,0.0
4908.15,-3.0,0.0
4908.151,-3.0,0.0
4908.157,-3.0,0.0
4908.158,-2.0,57.0
4908.16,-2.0,0.0
4908.172,-4.0,-51.0
4908.174,-4.0,0.0
4908.185,-4.0,0.0
4908.186,-4.0,0.0
4908.187,-4.0,0.0
4908.187,-4.0,0.0
4908.188,-4.0,0.0
4908.189,-4.0,0.0
4908.194,-4.0,0.0
4908.196,-4.0,0.0
4908.197,-4.0,0.0
4908.199,-4.0,0.0
4908.204,-4.0,0.0
4908.205,-4.0,0.0
4908.207,-4.0,0.0
4908.208,-4.0,0.0
4908.211,-4.0,0.0
4908.212,-4.0,0.0
4908.213,-4.0,0.0
4908.215,-4.0,0.0
4908.216,-4.0,0.0
4908.22,-4.0,0.0
4908.221,-4.0,0.0
4908.222,-4.0,0.0
4908.224,-4.0,0.0
4908.23,-4.0,0.0
4908.231,-4.0,0.0
4908.233,-4.0,0.0
4908.234,-4.0,0.0
4908.238,-4.0,0.0
4908.239,-4.0,0.0
4908.24,-4.0,0.0
4908.242,-4.0,0.0
4908.243,-4.0,0.0
4908.245,-4.0,0.0
4908.246,-4.0,0.0
4908.247,-4.0,0.0
4908.25,-4.0,0.0
4908.251,-4.0,0.0
4908.252,-4.0,0.0
4908.254,-4.0,0.0
4908.255,-4.0,0.0
4908.261,-4.0,0.0
4908.263,-4.0,0.0
4908.264,-4.0,0.0
4908.265,-4.0,0.0
4908.27,-4.0,0.0
4908.27,-4.0,0.0
4908.271,-4.0,0.0
4908.272,-4.0,0.0
4908.273,-4.0,0.0
4908.274,-4.0,0.0
4908.274,-4.0,0.0
4908.275,-4.0,0.0
4908.28,-4.0,0.0
4908.281,-4.0,0.0
4908.282,-4.0,0.0
4908.282,-4.0,0.0
4908.283,-4.0,0.0
4908.284,-4.0,0.0
4908.285,-4.0,0.0
4908.287,-4.0,0.0
4908.288,-4.0,0.0
4908.288,-4.0,0.0
4908.289,-4.0,0.0
4908.29,-4.0,0.0
4908.291,-4.0,0.0
4908.291,-4.0,0.0
4908.295,-4.0,0.0
4908.296,-4.0,0.0
4908.298,-4.0,0.0
4908.299,-4.0,0.0
4908.302,-4.0,0.0
4908.304,-4.0,0.0
4908.305,-4.0,0.0
4908.307,-4.0,0.0
4908.308,-4.0,0.0
4908.309,-4.0,0.0
4908.311,-4.0,0.0
4908.312,-4.0,0.0
4908.314,-4.0,0.0
4908.316,-4.0,0.0
4908.317,-4.0,0.0
4908.319,-4.0,0.0
4908.32,-4.0,0.0
4908.326,-4.0,0.0
4908.327,-4.0,0.0
4908.328,-4.0,0.0
4908.33,-4.0,0.0
4908.331,-4.0,0.0
4908.337,-4.0,0.0
4908.338,-4.0,0.0
4908.339,-4.0,0.0
4908.341,-4.0,0.0
4908.343,-4.0,0.0
4908.345,-4.0,0.0
4908.346,-4.0,0.0
4908.347,-4.0,0.0
4908.351,-4.0,0.0
4908.352,-4.0,0.0
4908.354,-4.0,0.0
4908.355,-4.0,0.0
4908.356,-4.0,0.0
4908.363,-4.0,0.0
4908.365,-6.0,-58.0
4908.366,-6.0,0.0
4908.371,-6.0,0.0
4908.372,-6.0,0.0
4908.373,-6.0,0.0
4908.374,-6.0,0.0
4908.375,-6.0,0.0
4908.375,-6.0,0.0
4908.376,-6.0,0.0
4908.377,-6.0,0.0
4908.378,-6.0,0.0
4908.379,-6.0,0.0
4908.379,-6.0,0.0
4908.38,-6.0,0.0
4908.382,-6.0,0.0
4908.383,-6.0,0.0
4908.383,-6.0,0.0
4908.384,-6.0,0.0
4908.385,-6.0,0.0
4908.386,-6.0,0.0
4908.387,-6.0,0.0
4908.392,-6.0,0.0
4908.393,-6.0,0.0
4908.394,-6.0,0.0
4908.396,-6.0,0.0
4908.397,-6.0,0.0
4908.403,-6.0,0.0
4908.404,-6.0,0.0
4908.405,-6.0,0.0
4908.407,-6.0,0.0
4908.409,-6.0,0.0
4908.41,-6.0,0.0
4908.412,-6.0,0.0
4908.413,-6.0,0.0
4908.417,-6.0,0.0
4908.418,-6.0,0.0
4908.419,-6.0,0.0
4908.421,-6.0,0.0
4908.422,-6.0,0.0
4908.428,-6.0,0.0
4908.43,-6.0,0.0
4908.431,-6.0,0.0
4908.435,-6.0,0.0
4908.436,-6.0,0.0
4908.437,-6.0,0.0
4908.439,-6.0,0.0
4908.44,-6.0,0.0
4908.441,-6.0,0.0
4908.443,-6.0,0.0
4908.444,-6.0,0.0
4908.446,-6.0,0.0
4908.448,-6.0,0.0
4908.449,-6.0,0.0
4908.451,-6.0,0.0
4908.452,-6.0,0.0
4908.458,-6.0,0.0
4908.459,-6.0,0.0
4908.46,-6.0,0.0
4908.462,-6.0,0.0
4908.463,-6.0,0.0
4908.467,-3.0,55.0
4908.467,-3.0,0.0
4908.48,-3.0,0.0
4908.481,-3.0,0.0
4908.482,-3.0,0.0
4908.483,-3.0,0.0
4908.484,-3.0,0.0
4908.484,-3.0,0.0
4908.485,-3.0,0.0
4908.486,-3.0,0.0
4908.487,-3.0,0.0
4908.488,-3.0,0.0
4908.489,-3.0,0.0
4908.49,-3.0,0.0
4908.492,-3.0,0.0
4908.494,-3.0,0.0
4908.496,-3.0,0.0
4908.497,-3.0,0.0
4908.498,-3.0,0.0
4908.502,-3.0,0.0
4908.503,-3.0,0.0
4908.505,-3.0,0.0
4908.506,-3.0,0.0
4908.507,-3.0,0.0
4908.511,-3.0,0.0
4908.512,-3.0,0.0
4908.514,-3.0,0.0
4908.515,-3.0,0.0
4908.521,-2.0,0.0
4908.523,-2.0,0.0
4908.524,-2.0,0.0
4908.527,-2.0,0.0
4908.529,-2.0,0.0
4908.53,-2.0,0.0
4908.532,-2.0,0.0
4908.533,-2.0,0.0
4908.534,-2.0,0.0
4908.536,-2.0,0.0
4908.537,-2.0,0.0
4908.539,-2.0,0.0
4908.541,-2.0,0.0
4908.542,-2.0,0.0
4908.544,-2.0,0.0
4908.545,-2.0,0.0
4908.551,-2.0,0.0
4908.552,-2.0,0.0
4908.553,-2.0,0.0
4908.555,-2.0,0.0
4908.556,-2.0,0.0
4908.562,-2.0,0.0
4908.563,-2.0,0.0
4908.564,-2.0,0.0
4908.566,-2.0,0.0
4908.569,-7.0,-64.0
4908.57,-7.0,0.0
4908.581,-7.0,0.0
4908.584,-7.0,0.0
4908.585,-7.0,0.0
4908.585,-7.0,0.0
4908.587,-7.0,0.0
4908.588,-7.0,0.0
4908.59,-7.0,0.0
4908.591,-7.0,0.0
4908.592,-7.0,0.0
4908.594,-7.0,0.0
4908.595,-7.0,0.0
4908.597,-7.0,0.0
4908.599,-7.0,0.0
4908.6,-7.0,0.0
4908.602,-7.0,0.0
4908.607,-8.0,-52.0
4908.609,-8.0,0.0
4908.619,-8.0,0.0
4908.621,-8.0,0.0
4908.622,-8.0,0.0
4908.625,-8.0,0.0
4908.626,-8.0,0.0
4908.627,-8.0,0.0
4908.629,-8.0,0.0
4908.632,-8.0,0.0
4908.634,-8.0,0.0
4908.635,-8.0,0.0
4908.636,-8.0,0.0
4908.64,-9.0,-53.0
4908.641,-9.0,-51.0
4908.652,-9.0,-51.0
4908.663,-9.0,-51.0
4908.68,-4.0,51.0
4908.69,-4.0,0.0
4908.696,-4.0,0.0
4908.697,-4.0,0.0
4908.7,-4.0,0.0
4908.701,-4.0,0.0
4908.702,-4.0,0.0
4908.704,-4.0,0.0
4908.71,-4.0,0.0
4908.711,-4.0,0.0
4908.713,-4.0,0.0
4908.714,-4.0,0.0
4908.72,-4.0,0.0
4908.721,-4.0,0.0
4908.722,-4.0,0.0
4908.724,-4.0,0.0
4908.726,-4.0,0.0
4908.728,-4.0,0.0
4908.729,-4.0,0.0
4908.73,-4.0,0.0
4908.734,-4.0,0.0
4908.735,-3.0,57.0
4908.737,-3.0,0.0
4908.748,-3.0,0.0
4908.749,-3.0,0.0
4908.75,-3.0,0.0
4908.752,-3.0,0.0
4908.753,-3.0,0.0
4908.755,-3.0,0.0
4908.757,-3.0,0.0
4908.758,-3.0,0.0
4908.76,-3.0,0.0
4908.766,-3.0,0.0
4908.767,-3.0,0.0
4908.769,-3.0,0.0
4908.776,-4.0,-51.0
4908.777,-4.0,0.0
4908.788,-4.0,0.0
4908.79,-4.0,0.0
4908.792,-4.0,0.0
4908.794,-4.0,0.0
4908.795,-4.0,0.0
4908.796,-4.0,0.0
4908.803,-4.0,0.0
4908.804,-4.0,0.0
4908.805,-4.0,0.0
4908.807,-4.0,0.0
4908.812,-4.0,0.0
4908.814,-4.0,0.0
4908.815,-4.0,0.0
4908.816,-4.0,0.0
4908.822,-4.0,0.0
4908.823,-4.0,0.0
4908.825,-4.0,0.0
4908.826,-4.0,0.0
4908.828,-4.0,0.0
4908.83,-4.0,0.0
4908.831,-4.0,0.0
4908.833,-4.0,0.0
4908.834,-4.0,0.0
4908.837,-4.0,0.0
4908.839,-4.0,0.0
4908.84,-4.0,0.0
4908.841,-4.0,0.0
4908.845,-4.0,0.0
4908.846,-4.0,0.0
4908.848,-4.0,0.0
4908.849,-4.0,0.0
4908.855,-4.0,0.0
4908.857,-4.0,0.0
4908.858,-4.0,0.0
4908.859,-4.0,0.0
4908.863,-4.0,0.0
4908.864,-4.0,0.0
4908.866,-4.0,0.0
4908.867,-4.0,0.0
4908.868,-4.0,0.0
4908.87,-4.0,0.0
4908.872,-3.0,53.0
4908.873,-3.0,0.0
4908.887,-3.0,0.0
4908.888,-3.0,0.0
4908.889,-3.0,0.0
4908.891,-3.0,0.0
4908.896,-3.0,0.0
4908.898,-3.0,0.0
4908.899,-3.0,0.0
4908.9,-3.0,0.0
4908.903,-3.0,0.0
4908.904,-3.0,0.0
4908.906,-3.0,0.0
4908.907,-3.0,0.0
4908.91,-3.0,0.0
4908.912,-3.0,0.0
4908.913,-3.0,0.0
4908.915,-3.0,0.0
4908.916,-3.0,0.0
4908.919,-3.0,0.0
4908.921,-3.0,0.0
4908.922,-3.0,0.0
4908.924,-3.0,0.0
4908.925,-3.0,0.0
4908.926,-3.0,0.0
4908.928,-3.0,0.0
4908.929,-3.0,0.0
4908.932,-3.0,0.0
4908.933,-3.0,0.0
4908.934,-3.0,0.0
4908.936,-3.0,0.0
4908.937,-3.0,0.0
4908.943,-3.0,0.0
4908.945,-3.0,0.0
4908.946,-3.0,0.0
4908.952,-3.0,0.0
4908.953,-3.0,0.0
4908.954,-3.0,0.0
4908.956,-3.0,0.0
4908.957,-3.0,0.0
4908.96,-3.0,0.0
4908.961,-3.0,0.0
4908.962,-3.0,0.0
4908.964,-3.0,0.0
4908.967,-3.0,0.0
4908.969,-3.0,0.0
4908.97,-3.0,0.0
4908.971,-3.0,0.0
4908.976,-5.0,-54.0
4908.977,-5.0,0.0
4908.988,-5.0,0.0
4908.99,-5.0,0.0
4908.991,-5.0,0.0
4908.992,-5.0,0.0
4908.994,-5.0,0.0
4908.995,-5.0,0.0
4908.998,-5.0,0.0
4908.999,-5.0,0.0
4909.0,-5.0,0.0
4909.002,-5.0,0.0
4909.003,-5.0,0.0
4909.009,-5.0,0.0
4909.01,-5.0,0.0
4909.011,-5.0,0.0
4909.013,-5.0,0.0
4909.015,-5.0,0.0
4909.016,-5.0,0.0
4909.018,-5.0,0.0
4909.019,-5.0,0.0
4909.023,-5.0,0.0
4909.024,-5.0,0.0
4909.025,-5.0,0.0
4909.027,-5.0,0.0
4909.028,-5.0,0.0
4909.031,-5.0,0.0
4909.033,-5.0,0.0
4909.034,-5.0,0.0
4909.036,-5.0,0.0
4909.042,-5.0,0.0
4909.043,-5.0,0.0
4909.045,-5.0,0.0
4909.046,-5.0,0.0
4909.049,-5.0,0.0
4909.051,-5.0,0.0
4909.052,-5.0,0.0
4909.054,-5.0,0.0
4909.055,-5.0,0.0
4909.056,-5.0,0.0
4909.058,-5.0,0.0
4909.059,-5.0,0.0
4909.062,-5.0,0.0
4909.063,-5.0,0.0
4909.064,-5.0,0.0
4909.066,-5.0,0.0
4909.067,-5.0,0.0
4909.073,-5.0,0.0
4909.075,-4.0,53.0
4909.076,-4.0,0.0
4909.091,-4.0,0.0
4909.092,-4.0,0.0
4909.093,-4.0,0.0
4909.097,-4.0,0.0
4909.098,-4.0,0.0
4909.1,-4.0,0.0
4909.101,-4.0,0.0
4909.102,-4.0,0.0
4909.106,-4.0,0.0
4909.107,-4.0,0.0
4909.109,-4.0,0.0
4909.11,-4.0,0.0
4909.111,-4.0,0.0
4909.113,-4.0,0.0
4909.114,-4.0,0.0
4909.115,-4.0,0.0
4909.118,-4.0,0.0
4909.119,-4.0,0.0
4909.121,-4.0,0.0
4909.122,-4.0,0.0
4909.128,-4.0,0.0
4909.129,-4.0,0.0
4909.13,-4.0,0.0
4909.132,-4.0,0.0
4909.133,-4.0,0.0
4909.135,-4.0,0.0
4909.137,-4.0,0.0
4909.138,-4.0,0.0
4909.14,-4.0,0.0
4909.143,-4.0,0.0
4909.144,-4.0,0.0
4909.146,-4.0,0.0
4909.147,-4.0,0.0
4909.151,-4.0,0.0
4909.152,-4.0,0.0
4909.153,-4.0,0.0
4909.155,-4.0,0.0
4909.156,-4.0,0.0
4909.157,-4.0,0.0
4909.159,-4.0,0.0
4909.16,-4.0,0.0
4909.162,-4.0,0.0
4909.164,-4.0,0.0
4909.165,-4.0,0.0
4909.167,-4.0,0.0
4909.168,-4.0,0.0
4909.174,-4.0,0.0
4909.176,-7.0,-63.0
4909.177,-7.0,-51.0
4909.188,-7.0,-51.0
4909.193,-7.0,-51.0
4909.199,-7.0,-51.0
4909.207,-7.0,-51.0
4909.218,-7.0,-51.0
4909.228,-8.0,-52.0
4909.239,-8.0,-51.0
4909.246,-8.0,-51.0
4909.257,-8.0,-51.0
4909.262,-8.0,-51.0
4909.268,-8.0,-51.0
4909.279,-3.0,52.0
4909.286,-3.0,0.0
4909.293,-3.0,0.0
4909.294,-3.0,0.0
4909.294,-3.0,0.0
4909.295,-3.0,0.0
4909.296,-3.0,0.0
4909.297,-3.0,0.0
4909.297,-3.0,0.0
4909.298,-3.0,0.0
4909.301,-3.0,0.0
4909.302,-3.0,0.0
4909.303,-3.0,0.0
4909.304,-3.0,0.0
4909.304,-3.0,0.0
4909.305,-3.0,0.0
4909.306,-3.0,0.0
4909.309,-3.0,0.0
4909.31,-3.0,0.0
4909.31,-3.0,0.0
4909.311,-3.0,0.0
4909.312,-3.0,0.0
4909.313,-2.0,57.0
4909.314,-2.0,0.0
4909.324,-2.0,0.0
4909.325,-2.0,0.0
4909.326,-2.0,0.0
4909.327,-2.0,0.0
4909.332,-2.0,0.0
4909.333,-2.0,0.0
4909.333,-2.0,0.0
4909.334,-2.0,0.0
4909.335,-2.0,0.0
4909.336,-2.0,0.0
4909.337,-2.0,0.0
4909.341,-2.0,0.0
4909.342,-2.0,0.0
4909.343,-2.0,0.0
4909.344,-2.0,0.0
4909.345,-2.0,0.0
4909.345,-2.0,0.0
4909.346,-2.0,0.0
4909.347,-1.0,57.0
4909.349,-1.0,0.0
4909.359,-1.0,0.0
4909.36,-1.0,0.0
4909.361,-1.0,0.0
4909.361,-1.0,0.0
4909.362,-1.0,0.0
4909.363,-1.0,0.0
4909.364,-1.0,0.0
4909.369,-1.0,0.0
4909.37,-1.0,0.0
4909.371,-1.0,0.0
4909.372,-1.0,0.0
4909.374,-1.0,0.0
4909.376,-1.0,0.0
4909.379,-2.0,-53.0
4909.379,-2.0,0.0
4909.385,-2.0,0.0
4909.386,-2.0,0.0
4909.386,-2.0,0.0
4909.387,-2.0,0.0
4909.388,-2.0,0.0
4909.389,-2.0,0.0
4909.392,-2.0,0.0
4909.393,-2.0,0.0
4909.393,-2.0,0.0
4909.394,-2.0,0.0
4909.395,-2.0,0.0
4909.396,-2.0,0.0
4909.396,-2.0,0.0
4909.397,-2.0,0.0
4909.398,-2.0,0.0
4909.399,-2.0,0.0
4909.4,-2.0,0.0
4909.401,-2.0,0.0
4909.401,-2.0,0.0
4909.402,-2.0,0.0
4909.403,-2.0,0.0
4909.405,-2.0,0.0
4909.406,-2.0,0.0
4909.406,-2.0,0.0
4909.407,-2.0,0.0
4909.408,-2.0,0.0
4909.409,-2.0,0.0
4909.409,-2.0,0.0
4909.41,-2.0,0.0
4909.415,-2.0,0.0
4909.416,-2.0,0.0
4909.417,-2.0,0.0
4909.418,-2.0,0.0
4909.418,-2.0,0.0
4909.419,-2.0,0.0
4909.42,-2.0,0.0
4909.422,-2.0,0.0
4909.423,-2.0,0.0
4909.423,-2.0,0.0
4909.424,-2.0,0.0
4909.425,-2.0,0.0
4909.426,-2.0,0.0
4909.427,-2.0,0.0
4909.429,-2.0,0.0
4909.43,-2.0,0.0
4909.431,-2.0,0.0
4909.432,-2.0,0.0
4909.433,-2.0,0.0
4909.433,-2.0,0.0
4909.434,-2.0,0.0
4909.435,-2.0,0.0
4909.438,-2.0,0.0
4909.439,-2.0,0.0
4909.439,-2.0,0.0
4909.44,-2.0,0.0
4909.441,-2.0,0.0
4909.442,-2.0,0.0
4909.443,-2.0,0.0
4909.443,-2.0,0.0
4909.444,-2.0,0.0
4909.445,-2.0,0.0
4909.446,-2.0,0.0
4909.447,-2.0,0.0
4909.447,-2.0,0.0
4909.448,-2.0,0.0
4909.449,-2.0,0.0
4909.451,-2.0,0.0
4909.452,-2.0,0.0
4909.452,-2.0,0.0
4909.453,-2.0,0.0
4909.454,-2.0,0.0
4909.455,-2.0,0.0
4909.456,-2.0,0.0
4909.461,-2.0,0.0
4909.461,-2.0,0.0
4909.462,-2.0,0.0
4909.463,-2.0,0.0
4909.464,-2.0,0.0
4909.464,-2.0,0.0
4909.465,-2.0,0.0
4909.466,-2.0,0.0
4909.468,-2.0,0.0
4909.47,-2.0,0.0
4909.471,-2.0,0.0
4909.473,-2.0,0.0
4909.476,-1.0,51.0
4909.477,-1.0,0.0
4909.494,-1.0,0.0
4909.495,-1.0,0.0
4909.496,-1.0,0.0
4909.497,-1.0,0.0
4909.498,-1.0,0.0
4909.498,-1.0,0.0
4909.499,-1.0,0.0
4909.502,-1.0,0.0
4909.503,-1.0,0.0
4909.504,-1.0,0.0
4909.504,-1.0,0.0
4909.505,-1.0,0.0
4909.506,-1.0,0.0
4909.507,-1.0,0.0
4909.508,-1.0,0.0
4909.508,-1.0,0.0
4909.509,-1.0,0.0
4909.51,-1.0,0.0
4909.511,-1.0,0.0
4909.512,-1.0,0.0
4909.512,-1.0,0.0
4909.513,-1.0,0.0
4909.515,-1.0,0.0
4909.516,-1.0,0.0
4909.516,-1.0,0.0
4909.517,-1.0,0.0
4909.518,-1.0,0.0
4909.519,-1.0,0.0
4909.52,-1.0,0.0
4909.525,-1.0,0.0
4909.525,-1.0,0.0
4909.526,-1.0,0.0
4909.527,-1.0,0.0
4909.528,-1.0,0.0
4909.528,-1.0,0.0
4909.529,-1.0,0.0
4909.53,-1.0,0.0
4909.535,-1.0,0.0
4909.536,-1.0,0.0
4909.537,-1.0,0.0
4909.537,-1.0,0.0
4909.538,-1.0,0.0
4909.539,-1.0,0.0
4909.54,-1.0,0.0
4909.542,-1.0,0.0
4909.542,-1.0,0.0
4909.543,-1.0,0.0
4909.544,-1.0,0.0
4909.545,-1.0,0.0
4909.546,-1.0,0.0
4909.546,-1.0,0.0
4909.547,-1.0,0.0
4909.55,-1.0,0.0
4909.551,-1.0,0.0
4909.551,-1.0,0.0
4909.552,-1.0,0.0
4909.553,-1.0,0.0
4909.554,-1.0,0.0
4909.555,-1.0,0.0
4909.557,-1.0,0.0
4909.558,-1.0,0.0
4909.559,-1.0,0.0
4909.56,-1.0,0.0
4909.561,-1.0,0.0
4909.561,-1.0,0.0
4909.562,-1.0,0.0
4909.563,-1.0,0.0
4909.564,-1.0,0.0
4909.565,-1.0,0.0
4909.565,-1.0,0.0
4909.567,-1.0,0.0
4909.568,-1.0,0.0
4909.571,-1.0,0.0
4909.572,-1.0,0.0
4909.573,-1.0,0.0
4909.575,-1.0,0.0
4909.576,-1.0,0.0
4909.583,-5.0,-55.0
4909.583,-5.0,0.0
4909.599,-5.0,-51.0
4909.6,-5.0,-51.0
4909.611,-5.0,-51.0
4909.616,-6.0,-52.0
4909.625,-6.0,-51.0
4909.632,-6.0,-51.0
4909.638,-6.0,-51.0
4909.643,-6.0,-51.0
4909.649,-7.0,-52.0
4909.655,-7.0,-51.0
4909.662,-7.0,-51.0
4909.672,-7.0,-51.0
4909.684,-1.0,53.0
4909.698,-1.0,0.0
4909.706,-1.0,0.0
4909.707,-1.0,0.0
4909.708,-1.0,0.0
4909.708,-1.0,0.0
4909.709,-1.0,0.0
4909.71,-1.0,0.0
4909.711,-1.0,0.0
4909.712,-1.0,0.0
4909.712,-1.0,0.0
4909.713,-1.0,0.0
4909.714,-1.0,0.0
4909.715,-1.0,0.0
4909.716,-1.0,0.0
4909.716,-1.0,0.0
4909.717,0.0,57.0
4909.719,0.0,0.0
4909.729,0.0,0.0
4909.73,0.0,0.0
4909.73,0.0,0.0
4909.731,0.0,0.0
4909.732,0.0,0.0
4909.733,0.0,0.0
4909.734,0.0,0.0
4909.734,0.0,0.0
4909.737,0.0,0.0
4909.738,0.0,0.0
4909.739,0.0,0.0
4909.74,0.0,0.0
4909.74,0.0,0.0
4909.741,0.0,0.0
4909.742,0.0,0.0
4909.747,0.0,0.0
4909.748,0.0,0.0
4909.748,0.0,0.0
4909.749,0.0,0.0
4909.75,0.0,0.0
4909.751,1.0,57.0
4909.752,1.0,0.0
4909.764,1.0,0.0
4909.766,1.0,0.0
4909.767,1.0,0.0
4909.768,1.0,0.0
4909.772,1.0,0.0
4909.773,1.0,0.0
4909.775,1.0,0.0
4909.776,1.0,0.0
4909.777,1.0,0.0
4909.781,1.0,0.0
4909.782,1.0,0.0
4909.785,2.0,51.0
4909.785,2.0,0.0
4909.791,2.0,0.0
4909.793,2.0,0.0
4909.794,2.0,0.0
4909.794,2.0,0.0
4909.795,2.0,0.0
4909.796,2.0,0.0
4909.797,2.0,0.0
4909.797,2.0,0.0
4909.798,2.0,0.0
4909.803,2.0,0.0
4909.804,2.0,0.0
4909.805,2.0,0.0
4909.806,2.0,0.0
4909.806,2.0,0.0
4909.807,2.0,0.0
4909.808,2.0,0.0
4909.81,2.0,0.0
4909.811,2.0,0.0
4909.811,2.0,0.0
4909.812,2.0,0.0
4909.813,2.0,0.0
4909.814,2.0,0.0
4909.815,2.0,0.0
4909.817,3.0,53.0
4909.818,3.0,0.0
4909.829,3.0,0.0
4909.83,3.0,0.0
4909.83,3.0,0.0
4909.831,3.0,0.0
4909.832,3.0,0.0
4909.833,3.0,0.0
4909.836,3.0,0.0
4909.836,3.0,0.0
4909.837,3.0,0.0
4909.838,3.0,0.0
4909.839,3.0,0.0
4909.84,3.0,0.0
4909.84,3.0,0.0
4909.841,3.0,0.0
4909.847,3.0,0.0
4909.848,3.0,0.0
4909.849,3.0,0.0
4909.849,3.0,0.0
4909.85,4.0,57.0
4909.851,4.0,0.0
4909.864,4.0,0.0
4909.866,4.0,0.0
4909.867,4.0,0.0
4909.869,4.0,0.0
4909.875,4.0,0.0
4909.876,4.0,0.0
4909.878,4.0,0.0
4909.879,4.0,0.0
4909.882,4.0,0.0
4909.885,0.0,-61.0
4909.886,0.0,0.0
4909.897,0.0,0.0
4909.9,0.0,0.0
4909.9,0.0,0.0
4909.901,0.0,0.0
4909.902,0.0,0.0
4909.903,0.0,0.0
4909.904,0.0,0.0
4909.904,0.0,0.0
4909.905,0.0,0.0
4909.906,0.0,0.0
4909.907,0.0,0.0
4909.908,0.0,0.0
4909.908,0.0,0.0
4909.909,0.0,0.0
4909.91,0.0,0.0
4909.911,0.0,0.0
4909.913,0.0,0.0
4909.913,0.0,0.0
4909.914,0.0,0.0
4909.915,0.0,0.0
4909.916,0.0,0.0
4909.917,0.0,0.0
4909.917,0.0,0.0
4909.918,0.0,0.0
4909.924,0.0,0.0
4909.925,0.0,0.0
4909.925,0.0,0.0
4909.926,0.0,0.0
4909.927,0.0,0.0
4909.928,0.0,0.0
4909.933,0.0,0.0
4909.934,0.0,0.0
4909.934,0.0,0.0
4909.935,0.0,0.0
4909.936,0.0,0.0
4909.937,0.0,0.0
4909.938,0.0,0.0
4909.939,0.0,0.0
4909.94,0.0,0.0
4909.941,0.0,0.0
4909.942,0.0,0.0
4909.943,0.0,0.0
4909.943,0.0,0.0
4909.944,0.0,0.0
4909.945,0.0,0.0
4909.951,0.0,0.0
4909.952,0.0,0.0
4909.952,0.0,0.0
4909.953,0.0,0.0
4909.954,0.0,0.0
4909.955,0.0,0.0
4909.96,0.0,0.0
4909.962,0.0,0.0
4909.963,0.0,0.0
4909.964,0.0,0.0
4909.967,0.0,0.0
4909.968,0.0,0.0
4909.969,0.0,0.0
4909.971,0.0,0.0
4909.972,0.0,0.0
4909.976,0.0,0.0
4909.977,0.0,0.0
4909.978,0.0,0.0
4909.98,0.0,0.0
4909.983,0.0,0.0
4909.985,0.0,0.0
4909.987,1.0,53.0
4909.988,1.0,0.0
4910.001,1.0,0.0
4910.002,1.0,0.0
4910.003,1.0,0.0
4910.003,1.0,0.0
4910.004,1.0,0.0
4910.005,1.0,0.0
4910.006,1.0,0.0
4910.007,1.0,0.0
4910.007,1.0,0.0
4910.008,1.0,0.0
4910.009,1.0,0.0
4910.01,1.0,0.0
4910.011,1.0,0.0
4910.011,1.0,0.0
4910.012,1.0,0.0
4910.014,1.0,0.0
4910.015,1.0,0.0
4910.015,1.0,0.0
4910.016,1.0,0.0
4910.017,1.0,0.0
4910.018,1.0,0.0
4910.019,1.0,0.0
4910.024,1.0,0.0
4910.024,1.0,0.0
4910.025,1.0,0.0
4910.026,1.0,0.0
4910.027,1.0,0.0
4910.027,1.0,0.0
4910.028,1.0,0.0
4910.029,1.0,0.0
4910.031,1.0,0.0
4910.032,1.0,0.0
4910.032,1.0,0.0
4910.033,1.0,0.0
4910.034,1.0,0.0
4910.035,1.0,0.0
4910.036,1.0,0.0
4910.038,1.0,0.0
4910.039,1.0,0.0
4910.04,1.0,0.0
4910.041,1.0,0.0
4910.042,1.0,0.0
4910.042,1.0,0.0
4910.043,1.0,0.0
4910.044,1.0,0.0
4910.047,1.0,0.0
4910.048,1.0,0.0
4910.048,1.0,0.0
4910.049,1.0,0.0
4910.05,1.0,0.0
4910.051,1.0,0.0
4910.052,1.0,0.0
4910.053,1.0,0.0
4910.053,1.0,0.0
4910.054,1.0,0.0
4910.055,1.0,0.0
4910.056,1.0,0.0
4910.057,1.0,0.0
4910.059,1.0,0.0
4910.061,1.0,0.0
4910.062,1.0,0.0
4910.064,1.0,0.0
4910.065,1.0,0.0
4910.07,1.0,0.0
4910.072,1.0,0.0
4910.073,1.0,0.0
4910.075,1.0,0.0
4910.077,1.0,0.0
4910.078,1.0,0.0
4910.08,1.0,0.0
4910.081,1.0,0.0
4910.085,1.0,0.0
4910.086,1.0,0.0
4910.088,-1.0,-58.0
4910.089,-1.0,0.0
4910.095,-1.0,0.0
4910.095,-1.0,0.0
4910.096,-1.0,0.0
4910.097,-1.0,0.0
4910.098,-1.0,0.0
4910.099,-1.0,0.0
4910.1,-1.0,0.0
4910.1,-1.0,0.0
4910.101,-1.0,0.0
4910.102,-1.0,0.0
4910.103,-1.0,0.0
4910.103,-1.0,0.0
4910.104,-1.0,0.0
4910.106,-1.0,0.0
4910.107,-1.0,0.0
4910.108,-1.0,0.0
4910.109,-1.0,0.0
4910.109,-1.0,0.0
4910.11,-1.0,0.0
4910.111,-1.0,0.0
4910.116,-1.0,0.0
4910.117,-1.0,0.0
4910.117,-1.0,0.0
4910.118,-1.0,0.0
4910.119,-1.0,0.0
4910.12,-1.0,0.0
4910.121,-1.0,0.0
4910.126,-1.0,0.0
4910.126,-1.0,0.0
4910.127,-1.0,0.0
4910.128,-1.0,0.0
4910.129,-1.0,0.0
4910.129,-1.0,0.0
4910.13,-1.0,0.0
4910.131,-1.0,0.0
4910.133,-1.0,0.0
4910.134,-1.0,0.0
4910.134,-1.0,0.0
4910.135,-1.0,0.0
4910.136,-1.0,0.0
4910.137,-1.0,0.0
4910.138,-1.0,0.0
4910.14,-1.0,0.0
4910.141,-1.0,0.0
4910.142,-1.0,0.0
4910.143,-1.0,0.0
4910.144,-1.0,0.0
4910.144,-1.0,0.0
4910.145,-1.0,0.0
4910.146,-1.0,0.0
4910.149,-1.0,0.0
4910.15,-1.0,0.0
4910.15,-1.0,0.0
4910.151,-1.0,0.0
4910.152,-1.0,0.0
4910.153,-1.0,0.0
4910.154,-1.0,0.0
4910.155,-1.0,0.0
4910.156,-1.0,0.0
4910.158,-1.0,0.0
4910.159,-1.0,0.0
4910.162,-1.0,0.0
4910.163,-1.0,0.0
4910.164,-1.0,0.0
4910.166,-1.0,0.0
4910.167,-1.0,0.0
4910.173,-1.0,0.0
4910.174,-1.0,0.0
4910.175,-1.0,0.0
4910.177,-1.0,0.0
4910.182,-1.0,0.0
4910.183,-1.0,0.0
4910.185,-1.0,0.0
4910.186,-1.0,0.0
4910.19,2.0,55.0
4910.191,2.0,0.0
4910.202,2.0,0.0
4910.202,2.0,0.0
4910.203,2.0,0.0
4910.204,2.0,0.0
4910.205,2.0,0.0
4910.206,2.0,0.0
4910.206,2.0,0.0
4910.207,2.0,0.0
4910.208,2.0,0.0
4910.214,2.0,0.0
4910.214,2.0,0.0
4910.215,2.0,0.0
4910.216,2.0,0.0
4910.217,2.0,0.0
4910.218,2.0,0.0
4910.221,2.0,0.0
4910.222,2.0,0.0
4910.223,2.0,0.0
4910.224,2.0,0.0
4910.225,2.0,0.0
4910.225,2.0,0.0
4910.226,2.0,0.0
4910.227,2.0,0.0
4910.231,2.0,0.0
4910.232,2.0,0.0
4910.232,2.0,0.0
4910.233,2.0,0.0
4910.234,2.0,0.0
4910.235,2.0,0.0
4910.236,2.0,0.0
4910.241,3.0,0.0
4910.242,3.0,0.0
4910.243,3.0,0.0
4910.244,3.0,0.0
4910.245,3.0,0.0
4910.245,3.0,0.0
4910.246,3.0,0.0
4910.25,3.0,0.0
4910.251,3.0,0.0
4910.252,3.0,0.0
4910.253,3.0,0.0
4910.254,3.0,0.0
4910.259,3.0,0.0
4910.26,3.0,0.0
4910.262,3.0,0.0
4910.263,3.0,0.0
4910.267,3.0,0.0
4910.269,3.0,0.0
4910.27,3.0,0.0
4910.272,3.0,0.0
4910.273,3.0,0.0
4910.279,3.0,0.0
4910.281,3.0,0.0
4910.282,3.0,0.0
4910.288,3.0,0.0
4910.291,0.0,-58.0
4910.292,0.0,0.0
4910.297,0.0,0.0
4910.298,0.0,0.0
4910.299,0.0,0.0
4910.3,0.0,0.0
4910.3,0.0,0.0
4910.301,0.0,0.0
4910.302,0.0,0.0
4910.306,0.0,0.0
4910.307,0.0,0.0
4910.307,0.0,0.0
4910.308,0.0,0.0
4910.309,0.0,0.0
4910.31,0.0,0.0
4910.311,0.0,0.0
4910.314,0.0,0.0
4910.315,0.0,0.0
4910.316,0.0,0.0
4910.317,0.0,0.0
4910.318,0.0,0.0
4910.318,0.0,0.0
4910.319,0.0,0.0
4910.32,0.0,0.0
4910.326,0.0,0.0
4910.327,0.0,0.0
4910.327,0.0,0.0
4910.328,0.0,0.0
4910.329,0.0,0.0
4910.33,0.0,0.0
4910.334,0.0,0.0
4910.334,0.0,0.0
4910.335,0.0,0.0
4910.336,0.0,0.0
4910.337,0.0,0.0
4910.338,0.0,0.0
4910.338,0.0,0.0
4910.339,0.0,0.0
4910.341,0.0,0.0
4910.342,0.0,0.0
4910.343,0.0,0.0
4910.343,0.0,0.0
4910.344,0.0,0.0
4910.345,0.0,0.0
4910.346,0.0,0.0
4910.348,0.0,0.0
4910.348,0.0,0.0
4910.349,0.0,0.0
4910.351,0.0,0.0
4910.352,0.0,0.0
4910.353,0.0,0.0
4910.357,0.0,0.0
4910.358,0.0,0.0
4910.36,0.0,0.0
4910.361,0.0,0.0
4910.364,0.0,0.0
4910.366,0.0,0.0
4910.367,0.0,0.0
4910.368,0.0,0.0
4910.37,0.0,0.0
4910.371,0.0,0.0
4910.373,0.0,0.0
4910.374,0.0,0.0
4910.376,0.0,0.0
4910.378,0.0,0.0
4910.379,0.0,0.0
4910.381,0.0,0.0
4910.382,0.0,0.0
4910.387,0.0,0.0
4910.389,0.0,0.0
4910.39,0.0,0.0
4910.394,2.0,53.0
4910.394,2.0,0.0
4910.402,2.0,0.0
4910.403,2.0,0.0
4910.404,2.0,0.0
4910.404,2.0,0.0
4910.405,2.0,0.0
4910.406,2.0,0.0
4910.407,2.0,0.0
4910.412,2.0,0.0
4910.413,2.0,0.0
4910.414,2.0,0.0
4910.415,2.0,0.0
4910.416,2.0,0.0
4910.416,2.0,0.0
4910.417,2.0,0.0
4910.42,2.0,0.0
4910.421,2.0,0.0
4910.422,2.0,0.0
4910.423,2.0,0.0
4910.423,2.0,0.0
4910.424,2.0,0.0
4910.425,2.0,0.0
4910.426,2.0,0.0
4910.427,2.0,0.0
4910.427,2.0,0.0
4910.428,2.0,0.0
4910.429,2.0,0.0
4910.43,2.0,0.0
4910.43,2.0,0.0
4910.431,2.0,0.0
4910.433,2.0,0.0
4910.434,2.0,0.0
4910.435,2.0,0.0
4910.436,2.0,0.0
4910.436,2.0,0.0
4910.437,2.0,0.0
4910.438,2.0,0.0
4910.443,2.0,0.0
4910.444,2.0,0.0
4910.444,2.0,0.0
4910.445,2.0,0.0
4910.446,2.0,0.0
4910.447,2.0,0.0
4910.448,2.0,0.0
4910.453,2.0,0.0
4910.454,2.0,0.0
4910.456,2.0,0.0
4910.457,2.0,0.0
4910.46,2.0,0.0
4910.461,2.0,0.0
4910.462,2.0,0.0
4910.464,2.0,0.0
4910.465,2.0,0.0
4910.468,2.0,0.0
4910.47,2.0,0.0
4910.471,2.0,0.0
4910.473,2.0,0.0
4910.476,2.0,0.0
4910.477,2.0,0.0
4910.479,2.0,0.0
4910.48,2.0,0.0
4910.482,2.0,0.0
4910.483,2.0,0.0
4910.484,2.0,0.0
4910.486,2.0,0.0
4910.487,2.0,0.0
4910.489,2.0,0.0
4910.491,2.0,0.0
4910.493,0.0,-58.0
4910.494,0.0,0.0
4910.506,0.0,0.0
4910.507,0.0,0.0
4910.508,0.0,0.0
4910.508,0.0,0.0
4910.509,0.0,0.0
4910.51,0.0,0.0
4910.511,0.0,0.0
4910.514,0.0,0.0
4910.515,0.0,0.0
4910.515,0.0,0.0
4910.516,0.0,0.0
4910.517,0.0,0.0
4910.518,0.0,0.0
4910.518,0.0,0.0
4910.519,0.0,0.0
4910.522,0.0,0.0
4910.523,0.0,0.0
4910.524,0.0,0.0
4910.525,0.0,0.0
4910.525,0.0,0.0
4910.526,0.0,0.0
4910.527,0.0,0.0
4910.528,0.0,0.0
4910.529,0.0,0.0
4910.529,0.0,0.0
4910.53,0.0,0.0
4910.531,0.0,0.0
4910.532,0.0,0.0
4910.532,0.0,0.0
4910.533,0.0,0.0
4910.535,0.0,0.0
4910.536,0.0,0.0
4910.537,0.0,0.0
4910.538,0.0,0.0
4910.538,0.0,0.0
4910.539,0.0,0.0
4910.54,0.0,0.0
4910.546,0.0,0.0
4910.547,0.0,0.0
4910.548,0.0,0.0
4910.55,0.0,0.0
4910.555,0.0,0.0
4910.557,0.0,0.0
4910.558,0.0,0.0
4910.559,0.0,0.0
4910.565,0.0,0.0
4910.566,0.0,0.0
4910.568,0.0,0.0
4910.569,0.0,0.0
4910.572,0.0,0.0
4910.574,0.0,0.0
4910.575,0.0,0.0
4910.577,0.0,0.0
4910.578,0.0,0.0
4910.583,0.0,0.0
4910.585,0.0,0.0
4910.586,0.0,0.0
4910.588,0.0,0.0
4910.59,0.0,0.0
4910.591,0.0,0.0
4910.593,-1.0,-54.0
4910.595,1.0,57.0
4910.599,1.0,0.0
4910.606,1.0,0.0
4910.607,1.0,0.0
4910.608,1.0,0.0
4910.608,1.0,0.0
4910.609,1.0,0.0
4910.61,1.0,0.0
4910.611,1.0,0.0
4910.612,1.0,0.0
4910.612,1.0,0.0
4910.613,1.0,0.0
4910.614,1.0,0.0
4910.615,1.0,0.0
4910.616,1.0,0.0
4910.616,1.0,0.0
4910.617,1.0,0.0
4910.619,1.0,0.0
4910.62,1.0,0.0
4910.621,1.0,0.0
4910.621,1.0,0.0
4910.622,1.0,0.0
4910.623,1.0,0.0
4910.624,1.0,0.0
4910.627,1.0,0.0
4910.628,1.0,0.0
4910.628,1.0,0.0
4910.629,1.0,0.0
4910.63,1.0,0.0
4910.631,1.0,0.0
4910.632,1.0,0.0
4910.634,1.0,0.0
4910.635,1.0,0.0
4910.636,1.0,0.0
4910.637,1.0,0.0
4910.638,1.0,0.0
4910.638,1.0,0.0
4910.639,1.0,0.0
4910.64,1.0,0.0
4910.641,1.0,0.0
4910.642,1.0,0.0
4910.642,1.0,0.0
4910.643,1.0,0.0
4910.645,1.0,0.0
4910.646,1.0,0.0
4910.648,1.0,0.0
4910.65,1.0,0.0
4910.651,1.0,0.0
4910.652,1.0,0.0
4910.658,1.0,0.0
4910.659,1.0,0.0
4910.661,1.0,0.0
4910.662,1.0,0.0
4910.668,1.0,0.0
4910.669,1.0,0.0
4910.67,1.0,0.0
4910.672,1.0,0.0
4910.673,1.0,0.0
4910.675,1.0,0.0
4910.677,1.0,0.0
4910.678,1.0,0.0
4910.68,1.0,0.0
4910.686,1.0,0.0
4910.687,1.0,0.0
4910.689,1.0,0.0
4910.69,1.0,0.0
4910.697,-1.0,-53.0
4910.697,-1.0,0.0
4910.708,-1.0,0.0
4910.709,-1.0,0.0
4910.71,-1.0,0.0
4910.712,-1.0,0.0
4910.713,-1.0,0.0
4910.713,-1.0,0.0
4910.714,-1.0,0.0
4910.715,-1.0,0.0
4910.716,-1.0,0.0
4910.716,-1.0,0.0
4910.717,-1.0,0.0
4910.72,-1.0,0.0
4910.721,-1.0,0.0
4910.722,-1.0,0.0
4910.723,-1.0,0.0
4910.723,-1.0,0.0
4910.724,-1.0,0.0
4910.725,-1.0,0.0
4910.728,-1.0,0.0
4910.729,-1.0,0.0
4910.729,-1.0,0.0
4910.73,-1.0,0.0
4910.731,-1.0,0.0
4910.732,-1.0,0.0
4910.733,-1.0,0.0
4910.738,-1.0,0.0
4910.739,-1.0,0.0
4910.74,-1.0,0.0
4910.741,-1.0,0.0
4910.741,-1.0,0.0
4910.743,-1.0,0.0
4910.749,-1.0,0.0
4910.751,-1.0,0.0
4910.752,-1.0,0.0
4910.755,-1.0,0.0
4910.757,-1.0,0.0
4910.758,-1.0,0.0
4910.76,-1.0,0.0
4910.761,-1.0,0.0
4910.767,-1.0,0.0
4910.769,-1.0,0.0
4910.77,-1.0,0.0
4910.776,-1.0,0.0
4910.778,-1.0,0.0
4910.779,-1.0,0.0
4910.781,-1.0,0.0
4910.784,-1.0,0.0
4910.785,-1.0,0.0
4910.787,-1.0,0.0
4910.788,-1.0,0.0
4910.794,-1.0,0.0
4910.797,0.0,51.0
4910.798,0.0,0.0
4910.809,0.0,0.0
4910.809,0.0,0.0
4910.81,0.0,0.0
4910.811,0.0,0.0
4910.812,0.0,0.0
4910.813,0.0,0.0
4910.814,0.0,0.0
4910.815,0.0,0.0
4910.816,0.0,0.0
4910.817,0.0,0.0
4910.818,0.0,0.0
4910.818,0.0,0.0
4910.819,0.0,0.0
4910.82,0.0,0.0
4910.826,0.0,0.0
4910.827,0.0,0.0
4910.827,0.0,0.0
4910.828,0.0,0.0
4910.829,0.0,0.0
4910.83,0.0,0.0
4910.835,0.0,0.0
4910.835,0.0,0.0
4910.836,0.0,0.0
4910.837,0.0,0.0
4910.838,0.0,0.0
4910.839,0.0,0.0
4910.839,0.0,0.0
4910.845,0.0,0.0
4910.846,0.0,0.0
4910.848,0.0,0.0
4910.849,0.0,0.0
4910.851,0.0,0.0
4910.853,0.0,0.0
4910.854,0.0,0.0
4910.856,0.0,0.0
4910.857,0.0,0.0
4910.863,0.0,0.0
4910.865,0.0,0.0
4910.866,0.0,0.0
4910.872,0.0,0.0
4910.873,0.0,0.0
4910.874,0.0,0.0
4910.876,0.0,0.0
4910.877,0.0,0.0
4910.88,0.0,0.0
4910.881,0.0,0.0
4910.882,0.0,0.0
4910.884,0.0,0.0
4910.887,0.0,0.0
4910.889,0.0,0.0
4910.89,0.0,0.0
4910.891,0.0,0.0
4910.895,0.0,0.0
4910.896,0.0,0.0
4910.899,1.0,51.0
4910.899,1.0,0.0
4910.905,1.0,0.0
4910.906,1.0,0.0
4910.908,1.0,0.0
4910.908,1.0,0.0
4910.909,1.0,0.0
4910.91,1.0,0.0
4910.911,1.0,0.0
4910.912,1.0,0.0
4910.912,1.0,0.0
4910.913,1.0,0.0
4910.919,1.0,0.0
4910.92,1.0,0.0
4910.92,1.0,0.0
4910.921,1.0,0.0
4910.922,1.0,0.0
4910.923,1.0,0.0
4910.928,1.0,0.0
4910.928,1.0,0.0
4910.929,1.0,0.0
4910.93,1.0,0.0
4910.931,1.0,0.0
4910.932,1.0,0.0
4910.932,1.0,0.0
4910.933,1.0,0.0
4910.939,1.0,0.0
4910.94,1.0,0.0
4910.941,1.0,0.0
4910.943,1.0,0.0
4910.945,1.0,0.0
4910.947,1.0,0.0
4910.948,1.0,0.0
4910.949,1.0,0.0
4910.953,1.0,0.0
4910.954,1.0,0.0
4910.956,1.0,0.0
4910.957,1.0,0.0
4910.96,1.0,0.0
4910.962,1.0,0.0
4910.963,1.0,0.0
4910.965,1.0,0.0
4910.966,1.0,0.0
4910.972,1.0,0.0
4910.974,1.0,0.0
4910.975,1.0,0.0
4910.977,1.0,0.0
4910.978,1.0,0.0
4910.979,1.0,0.0
4910.981,1.0,0.0
4910.982,1.0,0.0
4910.984,1.0,0.0
4910.986,1.0,0.0
4910.987,1.0,0.0
4910.989,1.0,0.0
4910.994,1.0,0.0
4910.995,1.0,0.0
4910.997,1.0,0.0
4910.998,2.0,57.0
4911.002,2.0,0.0
4911.005,2.0,0.0
4911.005,2.0,0.0
4911.006,2.0,0.0
4911.009,2.0,0.0
4911.01,2.0,0.0
4911.01,2.0,0.0
4911.011,2.0,0.0
4911.012,2.0,0.0
4911.013,2.0,0.0
4911.014,2.0,0.0
4911.016,2.0,0.0
4911.017,2.0,0.0
4911.018,2.0,0.0
4911.019,2.0,0.0
4911.02,2.0,0.0
4911.02,2.0,0.0
4911.021,2.0,0.0
4911.022,2.0,0.0
4911.023,2.0,0.0
4911.024,2.0,0.0
4911.024,2.0,0.0
4911.025,2.0,0.0
4911.026,2.0,0.0
4911.027,2.0,0.0
4911.028,2.0,0.0
4911.029,2.0,0.0
4911.03,2.0,0.0
4911.031,2.0,0.0
4911.032,2.0,0.0
4911.033,2.0,0.0
4911.033,2.0,0.0
4911.034,2.0,0.0
4911.035,2.0,0.0
4911.041,2.0,0.0
4911.043,2.0,0.0
4911.044,2.0,0.0
4911.05,2.0,0.0
4911.052,2.0,0.0
4911.053,2.0,0.0
4911.055,2.0,0.0
4911.06,2.0,0.0
4911.061,2.0,0.0
4911.063,2.0,0.0
4911.064,2.0,0.0
4911.067,2.0,0.0
4911.068,2.0,0.0
4911.069,2.0,0.0
4911.071,2.0,0.0
4911.072,2.0,0.0
4911.076,2.0,0.0
4911.077,2.0,0.0
4911.078,2.0,0.0
4911.08,2.0,0.0
4911.083,2.0,0.0
4911.085,2.0,0.0
4911.086,2.0,0.0
4911.087,2.0,0.0
4911.089,2.0,0.0
4911.09,2.0,0.0
4911.091,2.0,0.0
4911.093,2.0,0.0
4911.094,2.0,0.0
4911.097,2.0,0.0
4911.098,2.0,0.0
4911.099,2.0,0.0
4911.106,0.0,-53.0
4911.107,0.0,0.0
4911.118,0.0,0.0
4911.119,0.0,0.0
4911.119,0.0,0.0
4911.12,0.0,0.0
4911.121,0.0,0.0
4911.123,0.0,0.0
4911.124,0.0,0.0
4911.124,0.0,0.0
4911.125,0.0,0.0
4911.126,0.0,0.0
4911.127,0.0,0.0
4911.128,0.0,0.0
4911.133,0.0,0.0
4911.135,0.0,0.0
4911.136,0.0,0.0
4911.137,0.0,0.0
4911.143,0.0,0.0
4911.144,0.0,0.0
4911.146,0.0,0.0
4911.147,0.0,0.0
4911.153,0.0,0.0
4911.154,0.0,0.0
4911.155,0.0,0.0
4911.157,0.0,0.0
4911.158,0.0,0.0
4911.16,0.0,0.0
4911.162,0.0,0.0
4911.163,0.0,0.0
4911.165,0.0,0.0
4911.168,0.0,0.0
4911.169,0.0,0.0
4911.171,0.0,0.0
4911.172,0.0,0.0
4911.176,0.0,0.0
4911.177,0.0,0.0
4911.178,0.0,0.0
4911.18,0.0,0.0
4911.181,0.0,0.0
4911.182,0.0,0.0
4911.184,0.0,0.0
4911.185,0.0,0.0
4911.187,0.0,0.0
4911.189,0.0,0.0
4911.19,0.0,0.0
4911.192,0.0,0.0
4911.193,0.0,0.0
4911.199,0.0,0.0
4911.201,0.0,0.0
4911.203,1.0,53.0
4911.204,1.0,0.0
4911.21,1.0,0.0
4911.21,1.0,0.0
4911.211,1.0,0.0
4911.212,1.0,0.0
4911.213,1.0,0.0
4911.214,1.0,0.0
4911.215,1.0,0.0
4911.216,1.0,0.0
4911.217,1.0,0.0
4911.218,1.0,0.0
4911.219,1.0,0.0
4911.219,1.0,0.0
4911.22,1.0,0.0
4911.221,1.0,0.0
4911.224,1.0,0.0
4911.225,1.0,0.0
4911.225,1.0,0.0
4911.226,1.0,0.0
4911.227,1.0,0.0
4911.228,1.0,0.0
4911.229,1.0,0.0
4911.234,1.0,0.0
4911.236,1.0,0.0
4911.237,1.0,0.0
4911.238,1.0,0.0
4911.242,1.0,0.0
4911.243,1.0,0.0
4911.245,1.0,0.0
4911.246,1.0,0.0
4911.247,1.0,0.0
4911.249,1.0,0.0
4911.25,1.0,0.0
4911.252,1.0,0.0
4911.253,1.0,0.0
4911.255,1.0,0.0
4911.257,1.0,0.0
4911.258,1.0,0.0
4911.259,1.0,0.0
4911.265,1.0,0.0
4911.266,1.0,0.0
4911.268,1.0,0.0
4911.269,1.0,0.0
4911.275,1.0,0.0
4911.276,1.0,0.0
4911.277,1.0,0.0
4911.279,1.0,0.0
4911.28,1.0,0.0
4911.282,1.0,0.0
4911.284,1.0,0.0
4911.285,1.0,0.0
4911.287,1.0,0.0
4911.29,1.0,0.0
4911.291,1.0,0.0
4911.293,1.0,0.0
4911.294,1.0,0.0
4911.298,1.0,0.0
4911.299,1.0,0.0
4911.3,1.0,0.0
4911.302,1.0,0.0
4911.304,-2.0,-62.0
4911.305,-2.0,0.0
4911.316,-2.0,0.0
4911.321,-2.0,0.0
4911.322,-2.0,0.0
4911.322,-2.0,0.0
4911.323,-2.0,0.0
4911.324,-2.0,0.0
4911.325,-2.0,0.0
4911.326,-2.0,0.0
4911.327,-2.0,0.0
4911.328,-2.0,0.0
4911.329,-2.0,0.0
4911.33,-2.0,0.0
4911.331,-2.0,0.0
4911.333,-2.0,0.0
4911.336,-2.0,0.0
4911.337,-2.0,0.0
4911.339,-2.0,0.0
4911.34,-2.0,0.0
4911.344,-2.0,0.0
4911.345,-2.0,0.0
4911.346,-2.0,0.0
4911.348,-2.0,0.0
4911.349,-2.0,0.0
4911.35,-2.0,0.0
4911.352,-2.0,0.0
4911.353,-2.0,0.0
4911.355,-3.0,-54.0
4911.357,-3.0,0.0
4911.361,-3.0,0.0
4911.368,-3.0,0.0
4911.369,-3.0,0.0
4911.371,-3.0,0.0
4911.372,-3.0,0.0
4911.377,-3.0,0.0
4911.379,-3.0,0.0
4911.38,-3.0,0.0
4911.382,-3.0,0.0
4911.387,-3.0,0.0
4911.388,-3.0,0.0
4911.39,-3.0,0.0
4911.391,-3.0,0.0
4911.393,-3.0,0.0
4911.395,-3.0,0.0
4911.396,-3.0,0.0
4911.398,-3.0,0.0
4911.399,-3.0,0.0
4911.402,-3.0,0.0
4911.405,-1.0,54.0
4911.406,-1.0,0.0
4911.411,-1.0,0.0
4911.412,-1.0,0.0
4911.413,-1.0,0.0
4911.414,-1.0,0.0
4911.414,-1.0,0.0
4911.415,-1.0,0.0
4911.416,-1.0,0.0
4911.417,-1.0,0.0
4911.418,-1.0,0.0
4911.418,-1.0,0.0
4911.419,-1.0,0.0
4911.42,-1.0,0.0
4911.421,-1.0,0.0
4911.423,-1.0,0.0
4911.423,-1.0,0.0
4911.424,-1.0,0.0
4911.425,-1.0,0.0
4911.426,-1.0,0.0
4911.427,-1.0,0.0
4911.427,-1.0,0.0
4911.433,-1.0,0.0
4911.434,-1.0,0.0
4911.436,-1.0,0.0
4911.437,-1.0,0.0
4911.442,-1.0,0.0
4911.444,-1.0,0.0
4911.445,-1.0,0.0
4911.447,-1.0,0.0
4911.448,-1.0,0.0
4911.45,-1.0,0.0
4911.452,-1.0,0.0
4911.453,-1.0,0.0
4911.455,-1.0,0.0
4911.458,-1.0,0.0
4911.459,-1.0,0.0
4911.461,-1.0,0.0
4911.462,-1.0,0.0
4911.466,-1.0,0.0
4911.467,-1.0,0.0
4911.468,-1.0,0.0
4911.47,-1.0,0.0
4911.471,-1.0,0.0
4911.472,-1.0,0.0
4911.474,-1.0,0.0
4911.475,-1.0,0.0
4911.477,-1.0,0.0
4911.479,-1.0,0.0
4911.48,-1.0,0.0
4911.482,-1.0,0.0
4911.483,-1.0,0.0
4911.489,-1.0,0.0
4911.49,-1.0,0.0
4911.491,-1.0,0.0
4911.493,-1.0,0.0
4911.494,-1.0,0.0
4911.5,-1.0,0.0
4911.501,-1.0,0.0
4911.502,-1.0,0.0
4911.504,-1.0,0.0
4911.51,2.0,53.0
4911.511,2.0,0.0
4911.522,2.0,0.0
4911.523,2.0,0.0
4911.524,2.0,0.0
4911.525,2.0,0.0
4911.527,2.0,0.0
4911.528,2.0,0.0
4911.53,2.0,0.0
4911.531,2.0,0.0
4911.537,2.0,0.0
4911.539,2.0,0.0
4911.54,2.0,0.0
4911.546,3.0,0.0
4911.547,3.0,0.0
4911.548,3.0,0.0
4911.55,3.0,0.0
4911.551,3.0,0.0
4911.554,3.0,0.0
4911.555,3.0,0.0
4911.556,3.0,0.0
4911.558,3.0,0.0
4911.561,3.0,0.0
4911.563,3.0,0.0
4911.564,3.0,0.0
4911.565,3.0,0.0
4911.569,3.0,0.0
4911.57,3.0,0.0
4911.572,3.0,0.0
4911.573,3.0,0.0
4911.574,3.0,0.0
4911.576,3.0,0.0
4911.577,3.0,0.0
4911.578,3.0,0.0
4911.58,4.0,53.0
4911.585,4.0,0.0
4911.603,4.0,0.0
4911.604,4.0,0.0
4911.605,4.0,0.0
4911.612,-1.0,-56.0
4911.613,-1.0,0.0
4911.624,-1.0,0.0
4911.627,-1.0,0.0
4911.629,-1.0,0.0
4911.63,-1.0,0.0
4911.631,-1.0,0.0
4911.635,-1.0,0.0
4911.636,-1.0,0.0
4911.638,-1.0,0.0
4911.639,-1.0,0.0
4911.64,-1.0,0.0
4911.642,-1.0,0.0
4911.643,-1.0,0.0
4911.644,-1.0,0.0
4911.646,-1.0,0.0
4911.648,-1.0,0.0
4911.65,-1.0,0.0
4911.651,-1.0,0.0
4911.652,-1.0,0.0
4911.658,-2.0,-52.0
4911.659,-2.0,0.0
4911.67,-2.0,0.0
4911.672,-2.0,0.0
4911.673,-2.0,0.0
4911.675,-2.0,0.0
4911.677,-2.0,0.0
4911.678,-2.0,0.0
4911.68,-2.0,0.0
4911.683,-2.0,0.0
4911.684,-2.0,0.0
4911.686,-2.0,0.0
4911.687,-2.0,0.0
4911.691,-2.0,0.0
4911.692,-2.0,0.0
4911.693,-2.0,0.0
4911.695,-2.0,0.0
4911.696,-2.0,0.0
4911.697,-2.0,0.0
4911.699,-2.0,0.0
4911.7,-2.0,0.0
4911.702,-2.0,0.0
4911.704,-2.0,0.0
4911.705,-2.0,0.0
4911.707,-3.0,-54.0
4911.709,-2.0,53.0
4911.719,-2.0,0.0
4911.725,-2.0,0.0
4911.726,-2.0,0.0
4911.729,-2.0,0.0
4911.731,-2.0,0.0
4911.732,-2.0,0.0
4911.734,-2.0,0.0
4911.74,-2.0,0.0
4911.741,-2.0,0.0
4911.743,-2.0,0.0
4911.744,-2.0,0.0
4911.747,-2.0,0.0
4911.749,-2.0,0.0
4911.75,-2.0,0.0
4911.752,-2.0,0.0
4911.753,-2.0,0.0
4911.754,-2.0,0.0
4911.756,-2.0,0.0
4911.757,-2.0,0.0
4911.76,-2.0,0.0
4911.761,-2.0,0.0
4911.762,-2.0,0.0
4911.764,-2.0,0.0
4911.765,-2.0,0.0
4911.771,-2.0,0.0
4911.772,-2.0,0.0
4911.773,-2.0,0.0
4911.775,-2.0,0.0
4911.777,-2.0,0.0
4911.778,-2.0,0.0
4911.78,-2.0,0.0
4911.781,-2.0,0.0
4911.785,-2.0,0.0
4911.786,-2.0,0.0
4911.787,-2.0,0.0
4911.789,-2.0,0.0
4911.79,-2.0,0.0
4911.793,-2.0,0.0
4911.795,-2.0,0.0
4911.796,-2.0,0.0
4911.798,-2.0,0.0
4911.799,-2.0,0.0
4911.8,-2.0,0.0
4911.802,-2.0,0.0
4911.803,-2.0,0.0
4911.806,-2.0,0.0
4911.807,-2.0,0.0
4911.808,-2.0,0.0
4911.811,0.0,54.0
4911.816,0.0,0.0
4911.831,0.0,0.0
4911.832,0.0,0.0
4911.833,0.0,0.0
4911.835,0.0,0.0
4911.836,0.0,0.0
4911.842,0.0,0.0
4911.844,0.0,0.0
4911.845,0.0,0.0
4911.849,0.0,0.0
4911.85,0.0,0.0
4911.851,0.0,0.0
4911.853,0.0,0.0
4911.854,0.0,0.0
4911.855,0.0,0.0
4911.857,0.0,0.0
4911.858,0.0,0.0
4911.86,0.0,0.0
4911.862,0.0,0.0
4911.863,0.0,0.0
4911.865,0.0,0.0
4911.866,0.0,0.0
4911.872,0.0,0.0
4911.873,0.0,0.0
4911.874,0.0,0.0
4911.876,0.0,0.0
4911.877,0.0,0.0
4911.883,0.0,0.0
4911.884,0.0,0.0
4911.885,0.0,0.0
4911.887,0.0,0.0
4911.889,0.0,0.0
4911.891,0.0,0.0
4911.892,0.0,0.0
4911.893,0.0,0.0
4911.897,0.0,0.0
4911.898,0.0,0.0
4911.9,0.0,0.0
4911.901,0.0,0.0
4911.902,0.0,0.0
4911.906,0.0,0.0
4911.907,0.0,0.0
4911.909,0.0,0.0
4911.91,0.0,0.0
4911.912,1.0,53.0
4911.913,1.0,0.0
4911.919,1.0,0.0
4911.921,1.0,0.0
4911.922,1.0,0.0
4911.928,1.0,0.0
4911.93,1.0,0.0
4911.931,1.0,0.0
4911.932,1.0,0.0
4911.938,1.0,0.0
4911.939,1.0,0.0
4911.941,1.0,0.0
4911.942,1.0,0.0
4911.944,1.0,0.0
4911.946,1.0,0.0
4911.947,1.0,0.0
4911.949,1.0,0.0
4911.95,1.0,0.0
4911.953,1.0,0.0
4911.955,1.0,0.0
4911.956,1.0,0.0
4911.958,1.0,0.0
4911.961,1.0,0.0
4911.962,1.0,0.0
4911.964,1.0,0.0
4911.965,1.0,0.0
4911.967,1.0,0.0
4911.968,1.0,0.0
4911.969,1.0,0.0
4911.971,1.0,0.0
4911.972,1.0,0.0
4911.974,1.0,0.0
4911.976,1.0,0.0
4911.977,1.0,0.0
4911.979,1.0,0.0
4911.985,1.0,0.0
4911.986,1.0,0.0
4911.988,1.0,0.0
4911.989,1.0,0.0
4911.995,1.0,0.0
4911.996,1.0,0.0
4911.997,1.0,0.0
4911.999,1.0,0.0
4912.004,1.0,0.0
4912.005,1.0,0.0
4912.007,1.0,0.0
4912.008,1.0,0.0
4912.011,1.0,0.0
4912.013,-1.0,-58.0
4912.014,-1.0,0.0
4912.02,-1.0,0.0
4912.021,-1.0,0.0
4912.023,-1.0,0.0
4912.024,-1.0,0.0
4912.028,-1.0,0.0
4912.029,-1.0,0.0
4912.03,-1.0,0.0
4912.032,-1.0,0.0
4912.033,-1.0,0.0
4912.035,-1.0,0.0
4912.036,-1.0,0.0
4912.037,-1.0,0.0
4912.04,-1.0,0.0
4912.041,-1.0,0.0
4912.042,-1.0,0.0
4912.044,-1.0,0.0
4912.045,-1.0,0.0
4912.049,-1.0,0.0
4912.05,-1.0,0.0
4912.051,-1.0,0.0
4912.053,-1.0,0.0
4912.056,-1.0,0.0
4912.058,-1.0,0.0
4912.059,-1.0,0.0
4912.06,-1.0,0.0
4912.062,-1.0,0.0
4912.063,-1.0,0.0
4912.065,-1.0,0.0
4912.066,-1.0,0.0
4912.068,-1.0,0.0
4912.07,-1.0,0.0
4912.071,-1.0,0.0
4912.073,-1.0,0.0
4912.074,-1.0,0.0
4912.079,-1.0,0.0
4912.081,-1.0,0.0
4912.082,-1.0,0.0
4912.084,-1.0,0.0
4912.086,-1.0,0.0
4912.087,-1.0,0.0
4912.089,-1.0,0.0
4912.09,-1.0,0.0
4912.093,-1.0,0.0
4912.095,-1.0,0.0
4912.096,-1.0,0.0
4912.098,-1.0,0.0
4912.099,-1.0,0.0
4912.105,-1.0,0.0
4912.107,-1.0,0.0
4912.108,-1.0,0.0
4912.112,-1.0,0.0
4912.113,-1.0,0.0
4912.115,-2.0,-54.0
4912.116,-2.0,0.0
4912.122,-2.0,0.0
4912.122,-2.0,0.0
4912.123,-2.0,0.0
4912.125,-2.0,0.0
4912.126,-2.0,0.0
4912.127,-2.0,0.0
4912.128,-2.0,0.0
4912.128,-2.0,0.0
4912.129,-2.0,0.0
4912.13,-2.0,0.0
4912.136,-2.0,0.0
4912.136,-2.0,0.0
4912.137,-2.0,0.0
4912.138,-2.0,0.0
4912.139,-2.0,0.0
4912.14,-2.0,0.0
4912.145,-2.0,0.0
4912.145,-2.0,0.0
4912.146,-2.0,0.0
4912.147,-2.0,0.0
4912.148,-2.0,0.0
4912.148,-2.0,0.0
4912.149,-2.0,0.0
4912.15,-2.0,0.0
4912.155,-2.0,0.0
4912.156,-2.0,0.0
4912.157,-2.0,0.0
4912.157,-2.0,0.0
4912.158,-2.0,0.0
4912.159,-2.0,0.0
4912.16,-2.0,0.0
4912.165,-2.0,0.0
4912.165,-2.0,0.0
4912.166,-2.0,0.0
4912.167,-2.0,0.0
4912.168,-2.0,0.0
4912.169,-2.0,0.0
4912.169,-2.0,0.0
4912.17,-2.0,0.0
4912.173,-2.0,0.0
4912.174,-2.0,0.0
4912.175,-2.0,0.0
4912.175,-2.0,0.0
4912.176,-2.0,0.0
4912.177,-2.0,0.0
4912.178,-2.0,0.0
4912.183,-2.0,0.0
4912.183,-2.0,0.0
4912.184,-2.0,0.0
4912.185,-2.0,0.0
4912.186,-2.0,0.0
4912.187,-2.0,0.0
4912.187,-2.0,0.0
4912.188,-2.0,0.0
4912.19,-2.0,0.0
4912.191,-2.0,0.0
4912.192,-2.0,0.0
4912.192,-2.0,0.0
4912.193,-2.0,0.0
4912.194,-2.0,0.0
4912.195,-2.0,0.0
4912.198,-2.0,0.0
4912.198,-2.0,0.0
4912.199,-2.0,0.0
4912.2,-2.0,0.0
4912.201,-2.0,0.0
4912.202,-2.0,0.0
4912.202,-2.0,0.0
4912.203,-2.0,0.0
4912.206,-2.0,0.0
4912.207,-2.0,0.0
4912.208,-2.0,0.0
4912.208,-2.0,0.0
4912.209,-2.0,0.0
4912.21,-2.0,0.0
4912.211,-2.0,0.0
4912.212,-2.0,0.0
4912.213,-2.0,0.0
4912.214,-2.0,0.0
4912.217,-1.0,51.0
4912.219,-1.0,0.0
4912.223,-1.0,0.0
4912.224,-1.0,0.0
4912.229,-1.0,0.0
4912.23,-1.0,0.0
4912.23,-1.0,0.0
4912.231,-1.0,0.0
4912.232,-1.0,0.0
4912.233,-1.0,0.0
4912.234,-1.0,0.0
4912.236,-1.0,0.0
4912.237,-1.0,0.0
4912.238,-1.0,0.0
4912.239,-1.0,0.0
4912.24,-1.0,0.0
4912.24,-1.0,0.0
4912.241,-1.0,0.0
4912.242,-1.0,0.0
4912.245,-1.0,0.0
4912.246,-1.0,0.0
4912.246,-1.0,0.0
4912.247,-1.0,0.0
4912.248,-1.0,0.0
4912.249,-1.0,0.0
4912.25,-1.0,0.0
4912.255,-1.0,0.0
4912.256,-1.0,0.0
4912.257,-1.0,0.0
4912.258,-1.0,0.0
4912.259,-1.0,0.0
4912.259,-1.0,0.0
4912.26,-1.0,0.0
4912.263,-1.0,0.0
4912.264,-1.0,0.0
4912.265,-1.0,0.0
4912.265,-1.0,0.0
4912.266,-1.0,0.0
4912.267,-1.0,0.0
4912.268,-1.0,0.0
4912.269,-1.0,0.0
4912.269,-1.0,0.0
4912.27,-1.0,0.0
4912.271,-1.0,0.0
4912.272,-1.0,0.0
4912.273,-1.0,0.0
4912.273,-1.0,0.0
4912.274,-1.0,0.0
4912.276,-1.0,0.0
4912.277,-1.0,0.0
4912.277,-1.0,0.0
4912.278,-1.0,0.0
4912.279,-1.0,0.0
4912.28,-1.0,0.0
4912.281,-1.0,0.0
4912.283,-1.0,0.0
4912.284,-1.0,0.0
4912.285,-1.0,0.0
4912.286,-1.0,0.0
4912.287,-1.0,0.0
4912.287,-1.0,0.0
4912.288,-1.0,0.0
4912.289,-1.0,0.0
4912.292,-1.0,0.0
4912.293,-1.0,0.0
4912.293,-1.0,0.0
4912.294,-1.0,0.0
4912.295,-1.0,0.0
4912.296,-1.0,0.0
4912.297,-1.0,0.0
4912.297,-1.0,0.0
4912.298,-1.0,0.0
4912.299,-1.0,0.0
4912.3,-1.0,0.0
4912.301,-1.0,0.0
4912.301,-1.0,0.0
4912.302,-1.0,0.0
4912.303,-1.0,0.0
4912.305,-1.0,0.0
4912.306,-1.0,0.0
4912.306,-1.0,0.0
4912.307,-1.0,0.0
4912.308,-1.0,0.0
4912.309,-1.0,0.0
4912.31,-1.0,0.0
4912.317,0.0,0.0
4912.318,0.0,0.0
4912.319,0.0,0.0
4912.319,0.0,0.0
4912.32,0.0,0.0
4912.325,0.0,0.0
4912.326,0.0,0.0
4912.327,0.0,0.0
4912.328,0.0,0.0
4912.328,0.0,0.0
4912.329,0.0,0.0
4912.33,0.0,0.0
4912.332,0.0,0.0
4912.333,0.0,0.0
4912.333,0.0,0.0
4912.334,0.0,0.0
4912.335,0.0,0.0
4912.336,0.0,0.0
4912.336,0.0,0.0
4912.337,0.0,0.0
4912.34,0.0,0.0
4912.341,0.0,0.0
4912.342,0.0,0.0
4912.343,0.0,0.0
4912.343,0.0,0.0
4912.344,0.0,0.0
4912.345,0.0,0.0
4912.351,0.0,0.0
4912.351,0.0,0.0
4912.352,0.0,0.0
4912.353,0.0,0.0
4912.354,0.0,0.0
4912.355,0.0,0.0
4912.357,0.0,0.0
4912.358,0.0,0.0
4912.359,0.0,0.0
4912.36,0.0,0.0
4912.361,0.0,0.0
4912.361,0.0,0.0
4912.362,0.0,0.0
4912.363,0.0,0.0
4912.364,0.0,0.0
4912.365,0.0,0.0
4912.365,0.0,0.0
4912.366,0.0,0.0
4912.367,0.0,0.0
4912.368,0.0,0.0
4912.369,0.0,0.0
4912.37,0.0,0.0
4912.371,0.0,0.0
4912.372,0.0,0.0
4912.373,0.0,0.0
4912.374,0.0,0.0
4912.374,0.0,0.0
4912.375,0.0,0.0
4912.376,0.0,0.0
4912.381,0.0,0.0
4912.382,0.0,0.0
4912.383,0.0,0.0
4912.383,0.0,0.0
4912.384,0.0,0.0
4912.385,0.0,0.0
4912.386,0.0,0.0
4912.391,0.0,0.0
4912.392,0.0,0.0
4912.393,0.0,0.0
4912.394,0.0,0.0
4912.395,0.0,0.0
4912.395,0.0,0.0
4912.396,0.0,0.0
4912.401,0.0,0.0
4912.402,0.0,0.0
4912.403,0.0,0.0
4912.404,0.0,0.0
4912.404,0.0,0.0
4912.405,0.0,0.0
4912.406,0.0,0.0
4912.408,0.0,0.0
4912.409,0.0,0.0
4912.41,0.0,0.0
4912.412,0.0,0.0
4912.413,0.0,0.0
4912.417,1.0,51.0
4912.419,0.0,-54.0
4912.428,0.0,0.0
4912.435,0.0,0.0
4912.436,0.0,0.0
4912.437,0.0,0.0
4912.437,0.0,0.0
4912.438,0.0,0.0
4912.439,0.0,0.0
4912.445,0.0,0.0
4912.446,0.0,0.0
4912.446,0.0,0.0
4912.447,0.0,0.0
4912.448,0.0,0.0
4912.449,0.0,0.0
4912.452,0.0,0.0
4912.452,0.0,0.0
4912.453,0.0,0.0
4912.454,0.0,0.0
4912.455,0.0,0.0
4912.456,0.0,0.0
4912.456,0.0,0.0
4912.457,0.0,0.0
4912.458,0.0,0.0
4912.459,0.0,0.0
4912.46,0.0,0.0
4912.46,0.0,0.0
4912.461,0.0,0.0
4912.462,0.0,0.0
4912.463,0.0,0.0
4912.465,0.0,0.0
4912.465,0.0,0.0
4912.466,0.0,0.0
4912.467,0.0,0.0
4912.468,0.0,0.0
4912.469,0.0,0.0
4912.469,0.0,0.0
4912.47,0.0,0.0
4912.475,0.0,0.0
4912.476,0.0,0.0
4912.477,0.0,0.0
4912.477,0.0,0.0
4912.478,0.0,0.0
4912.479,0.0,0.0
4912.48,0.0,0.0
4912.485,0.0,0.0
4912.485,0.0,0.0
4912.486,0.0,0.0
4912.487,0.0,0.0
4912.488,0.0,0.0
4912.489,0.0,0.0
4912.489,0.0,0.0
4912.49,0.0,0.0
4912.492,0.0,0.0
4912.493,0.0,0.0
4912.494,0.0,0.0
4912.494,0.0,0.0
4912.495,0.0,0.0
4912.496,0.0,0.0
4912.497,0.0,0.0
4912.5,0.0,0.0
4912.5,0.0,0.0
4912.501,0.0,0.0
4912.502,0.0,0.0
4912.503,0.0,0.0
4912.504,0.0,0.0
4912.504,0.0,0.0
4912.505,0.0,0.0
4912.509,0.0,0.0
4912.51,0.0,0.0
4912.511,0.0,0.0
4912.513,0.0,0.0
4912.514,0.0,0.0
4912.516,0.0,0.0
4912.517,0.0,0.0
4912.518,0.0,0.0
4912.522,0.0,0.0
4912.523,0.0,0.0
4912.523,0.0,0.0
4912.524,0.0,0.0
4912.525,0.0,0.0
4912.526,0.0,0.0
4912.531,0.0,0.0
4912.531,0.0,0.0
4912.532,0.0,0.0
4912.533,0.0,0.0
4912.534,0.0,0.0
4912.535,0.0,0.0
4912.535,0.0,0.0
4912.536,0.0,0.0
4912.541,0.0,0.0
4912.542,0.0,0.0
4912.543,0.0,0.0
4912.543,0.0,0.0
4912.544,0.0,0.0
4912.545,0.0,0.0
4912.546,0.0,0.0
4912.551,0.0,0.0
4912.552,0.0,0.0
4912.552,0.0,0.0
4912.553,0.0,0.0
4912.554,0.0,0.0
4912.555,0.0,0.0
4912.556,0.0,0.0
4912.557,0.0,0.0
4912.558,0.0,0.0
4912.559,0.0,0.0
4912.56,0.0,0.0
4912.561,0.0,0.0
4912.561,0.0,0.0
4912.562,0.0,0.0
4912.563,0.0,0.0
4912.566,0.0,0.0
4912.567,0.0,0.0
4912.567,0.0,0.0
4912.568,0.0,0.0
4912.569,0.0,0.0
4912.57,0.0,0.0
4912.571,0.0,0.0
4912.573,0.0,0.0
4912.574,0.0,0.0
4912.575,0.0,0.0
4912.576,0.0,0.0
4912.577,0.0,0.0
4912.577,0.0,0.0
4912.578,0.0,0.0
4912.579,0.0,0.0
4912.58,0.0,0.0
4912.581,0.0,0.0
4912.581,0.0,0.0
4912.582,0.0,0.0
4912.583,0.0,0.0
4912.584,0.0,0.0
4912.585,0.0,0.0
4912.586,0.0,0.0
4912.587,0.0,0.0
4912.588,0.0,0.0
4912.589,0.0,0.0
4912.59,0.0,0.0
4912.59,0.0,0.0
4912.591,0.0,0.0
4912.592,0.0,0.0
4912.597,0.0,0.0
4912.598,0.0,0.0
4912.599,0.0,0.0
4912.599,0.0,0.0
4912.6,0.0,0.0
4912.601,0.0,0.0
4912.602,0.0,0.0
4912.607,0.0,0.0
4912.609,0.0,0.0
4912.61,0.0,0.0
4912.611,0.0,0.0
4912.614,0.0,0.0
4912.615,0.0,0.0
4912.616,0.0,0.0
4912.618,0.0,0.0
4912.619,0.0,0.0
4912.624,0.0,0.0
4912.625,0.0,0.0
4912.625,0.0,0.0
4912.626,0.0,0.0
4912.627,0.0,0.0
4912.633,0.0,0.0
4912.634,0.0,0.0
4912.634,0.0,0.0
4912.635,0.0,0.0
4912.636,0.0,0.0
4912.637,0.0,0.0
4912.64,0.0,0.0
4912.64,0.0,0.0
4912.641,0.0,0.0
4912.642,0.0,0.0
4912.643,0.0,0.0
4912.644,0.0,0.0
4912.644,0.0,0.0
4912.645,0.0,0.0
4912.646,0.0,0.0
4912.647,0.0,0.0
4912.648,0.0,0.0
4912.648,0.0,0.0
4912.649,0.0,0.0
4912.65,0.0,0.0
4912.651,0.0,0.0
4912.653,0.0,0.0
4912.653,0.0,0.0
4912.654,0.0,0.0
4912.655,0.0,0.0
4912.656,0.0,0.0
4912.657,0.0,0.0
4912.657,0.0,0.0
4912.658,0.0,0.0
4912.664,0.0,0.0
4912.665,0.0,0.0
4912.666,0.0,0.0
4912.666,0.0,0.0
4912.667,0.0,0.0
4912.668,0.0,0.0
4912.674,0.0,0.0
4912.674,0.0,0.0
4912.675,0.0,0.0
4912.676,0.0,0.0
4912.677,0.0,0.0
4912.678,0.0,0.0
4912.683,0.0,0.0
4912.683,0.0,0.0
4912.684,0.0,0.0
4912.685,0.0,0.0
4912.686,0.0,0.0
4912.686,0.0,0.0
4912.687,0.0,0.0
4912.688,0.0,0.0
4912.69,0.0,0.0
4912.691,0.0,0.0
4912.691,0.0,0.0
4912.692,0.0,0.0
4912.693,0.0,0.0
4912.694,0.0,0.0
4912.695,0.0,0.0
4912.697,0.0,0.0
4912.698,0.0,0.0
4912.699,0.0,0.0
4912.7,0.0,0.0
4912.701,0.0,0.0
4912.701,0.0,0.0
4912.703,0.0,0.0
4912.706,0.0,0.0
4912.708,0.0,0.0
4912.709,0.0,0.0
4912.71,0.0,0.0
4912.712,0.0,0.0
4912.713,0.0,0.0
4912.714,0.0,0.0
4912.716,0.0,0.0
4912.717,0.0,0.0
4912.72,0.0,0.0
4912.722,0.0,0.0
4912.723,0.0,0.0
4912.724,0.0,0.0
4912.727,0.0,0.0
4912.727,0.0,0.0
4912.728,0.0,0.0
4912.729,0.0,0.0
4912.73,0.0,0.0
4912.731,0.0,0.0
4912.731,0.0,0.0
4912.732,0.0,0.0
4912.735,0.0,0.0
4912.736,0.0,0.0
4912.737,0.0,0.0
4912.737,0.0,0.0
4912.738,0.0,0.0
4912.739,0.0,0.0
4912.74,0.0,0.0
4912.741,0.0,0.0
4912.741,0.0,0.0
4912.742,0.0,0.0
4912.743,0.0,0.0
4912.744,0.0,0.0
4912.745,0.0,0.0
4912.745,0.0,0.0
4912.746,0.0,0.0
4912.748,0.0,0.0
4912.749,0.0,0.0
4912.75,0.0,0.0
4912.75,0.0,0.0
4912.751,0.0,0.0
4912.752,0.0,0.0
4912.753,0.0,0.0
4912.758,0.0,0.0
4912.758,0.0,0.0
4912.759,0.0,0.0
4912.76,0.0,0.0
4912.761,0.0,0.0
4912.762,0.0,0.0
4912.762,0.0,0.0
4912.763,0.0,0.0
4912.768,0.0,0.0
4912.769,0.0,0.0
4912.77,0.0,0.0
4912.77,0.0,0.0
4912.771,0.0,0.0
4912.772,0.0,0.0
4912.773,0.0,0.0
4912.775,0.0,0.0
4912.776,0.0,0.0
4912.776,0.0,0.0
4912.777,0.0,0.0
4912.778,0.0,0.0
4912.779,0.0,0.0
4912.779,0.0,0.0
4912.78,0.0,0.0
4912.783,0.0,0.0
4912.784,0.0,0.0
4912.785,0.0,0.0
4912.786,0.0,0.0
4912.786,0.0,0.0
4912.787,0.0,0.0
4912.788,0.0,0.0
4912.791,0.0,0.0
4912.792,0.0,0.0
4912.792,0.0,0.0
4912.793,0.0,0.0
4912.794,0.0,0.0
4912.795,0.0,0.0
4912.796,0.0,0.0
4912.796,0.0,0.0
4912.798,0.0,0.0
4912.799,0.0,0.0
4912.8,0.0,0.0
4912.801,0.0,0.0
4912.803,0.0,0.0
4912.809,0.0,0.0
4912.81,0.0,0.0
4912.812,0.0,0.0
4912.813,0.0,0.0
4912.819,0.0,0.0
4912.821,0.0,0.0
4912.822,0.0,0.0
4912.828,0.0,0.0
4912.828,0.0,0.0
4912.829,0.0,0.0
4912.83,0.0,0.0
4912.831,0.0,0.0
4912.832,0.0,0.0
4912.836,0.0,0.0
4912.837,0.0,0.0
4912.838,0.0,0.0
4912.839,0.0,0.0
4912.84,0.0,0.0
4912.84,0.0,0.0
4912.841,0.0,0.0
4912.842,0.0,0.0
4912.846,0.0,0.0
4912.847,0.0,0.0
4912.847,0.0,0.0
4912.848,0.0,0.0
4912.849,0.0,0.0
4912.85,0.0,0.0
4912.851,0.0,0.0
4912.854,0.0,0.0
4912.855,0.0,0.0
4912.856,0.0,0.0
4912.857,0.0,0.0
4912.858,0.0,0.0
4912.858,0.0,0.0
4912.859,0.0,0.0
4912.86,0.0,0.0
4912.866,0.0,0.0
4912.867,0.0,0.0
4912.867,0.0,0.0
4912.868,0.0,0.0
4912.869,0.0,0.0
4912.87,0.0,0.0
4912.874,0.0,0.0
4912.874,0.0,0.0
4912.875,0.0,0.0
4912.876,0.0,0.0
4912.877,0.0,0.0
4912.878,0.0,0.0
4912.878,0.0,0.0
4912.879,0.0,0.0
4912.881,0.0,0.0
4912.882,0.0,0.0
4912.883,0.0,0.0
4912.883,0.0,0.0
4912.884,0.0,0.0
4912.885,0.0,0.0
4912.886,0.0,0.0
4912.888,0.0,0.0
4912.888,0.0,0.0
4912.889,0.0,0.0
4912.89,0.0,0.0
4912.891,0.0,0.0
4912.892,0.0,0.0
4912.892,0.0,0.0
4912.893,0.0,0.0
4912.896,0.0,0.0
4912.897,0.0,0.0
4912.898,0.0,0.0
4912.899,0.0,0.0
4912.9,0.0,0.0
4912.904,0.0,0.0
4912.905,0.0,0.0
4912.907,0.0,0.0
4912.908,0.0,0.0
4912.909,0.0,0.0
4912.911,0.0,0.0
4912.912,0.0,0.0
4912.913,0.0,0.0
4912.915,0.0,0.0
4912.917,0.0,0.0
4912.919,0.0,0.0
4912.92,0.0,0.0
4912.921,0.0,0.0
4912.928,0.0,0.0
4912.929,0.0,0.0
4912.93,0.0,0.0
4912.93,0.0,0.0
4912.931,0.0,0.0
4912.932,0.0,0.0
4912.937,0.0,0.0
4912.938,0.0,0.0
4912.938,0.0,0.0
4912.939,0.0,0.0
4912.94,0.0,0.0
4912.941,0.0,0.0
4912.942,0.0,0.0
4912.947,0.0,0.0
4912.947,0.0,0.0
4912.948,0.0,0.0
4912.949,0.0,0.0
4912.95,0.0,0.0
4912.95,0.0,0.0
4912.951,0.0,0.0
4912.952,0.0,0.0
4912.954,0.0,0.0
4912.955,0.0,0.0
4912.955,0.0,0.0
4912.956,0.0,0.0
4912.957,0.0,0.0
4912.958,0.0,0.0
4912.959,0.0,0.0
4912.961,0.0,0.0
4912.962,0.0,0.0
4912.963,0.0,0.0
4912.964,0.0,0.0
4912.965,0.0,0.0
4912.965,0.0,0.0
4912.966,0.0,0.0
4912.967,0.0,0.0
4912.97,0.0,0.0
4912.971,0.0,0.0
4912.971,0.0,0.0
4912.972,0.0,0.0
4912.973,0.0,0.0
4912.974,0.0,0.0
4912.975,0.0,0.0
4912.975,0.0,0.0
4912.976,0.0,0.0
4912.977,0.0,0.0
4912.978,0.0,0.0
4912.979,0.0,0.0
4912.979,0.0,0.0
4912.98,0.0,0.0
4912.981,0.0,0.0
4912.983,0.0,0.0
4912.984,0.0,0.0
4912.984,0.0,0.0
4912.985,0.0,0.0
4912.986,0.0,0.0
4912.987,0.0,0.0
4912.988,0.0,0.0
4912.993,0.0,0.0
4912.993,0.0,0.0
4912.994,0.0,0.0
4912.995,0.0,0.0
4912.996,0.0,0.0
4912.997,0.0,0.0
4913.003,0.0,0.0
4913.004,0.0,0.0
4913.005,0.0,0.0
4913.007,0.0,0.0
4913.008,0.0,0.0
4913.01,0.0,0.0
4913.012,0.0,0.0
4913.013,0.0,0.0
4913.015,0.0,0.0
4913.018,0.0,0.0
4913.019,0.0,0.0
4913.021,0.0,0.0
4913.022,0.0,0.0
4913.027,0.0,0.0
4913.027,0.0,0.0
4913.028,0.0,0.0
4913.029,0.0,0.0
4913.03,0.0,0.0
4913.031,0.0,0.0
4913.031,0.0,0.0
4913.032,0.0,0.0
4913.033,0.0,0.0
4913.034,0.0,0.0
4913.035,0.0,0.0
4913.035,0.0,0.0
4913.036,0.0,0.0
4913.037,0.0,0.0
4913.039,0.0,0.0
4913.04,0.0,0.0
4913.04,0.0,0.0
4913.041,0.0,0.0
4913.042,0.0,0.0
4913.043,0.0,0.0
4913.044,0.0,0.0
4913.046,0.0,0.0
4913.047,0.0,0.0
4913.048,0.0,0.0
4913.049,0.0,0.0
4913.05,0.0,0.0
4913.05,0.0,0.0
4913.051,0.0,0.0
4913.052,0.0,0.0
4913.055,0.0,0.0
4913.056,0.0,0.0
4913.056,0.0,0.0
4913.057,0.0,0.0
4913.058,0.0,0.0
4913.059,0.0,0.0
4913.06,0.0,0.0
4913.06,0.0,0.0
4913.061,0.0,0.0
4913.062,0.0,0.0
4913.063,0.0,0.0
4913.064,0.0,0.0
4913.064,0.0,0.0
4913.065,0.0,0.0
4913.066,0.0,0.0
4913.068,0.0,0.0
4913.069,0.0,0.0
4913.069,0.0,0.0
4913.07,0.0,0.0
4913.071,0.0,0.0
4913.072,0.0,0.0
4913.073,0.0,0.0
4913.078,0.0,0.0
4913.078,0.0,0.0
4913.079,0.0,0.0
4913.08,0.0,0.0
4913.081,0.0,0.0
4913.081,0.0,0.0
4913.082,0.0,0.0
4913.083,0.0,0.0
4913.088,0.0,0.0
4913.089,0.0,0.0
4913.09,0.0,0.0
4913.09,0.0,0.0
4913.091,0.0,0.0
4913.092,0.0,0.0
4913.093,0.0,0.0
4913.095,0.0,0.0
4913.097,0.0,0.0
4913.098,0.0,0.0
4913.099,0.0,0.0
4913.103,0.0,0.0
4913.104,0.0,0.0
4913.105,0.0,0.0
4913.107,0.0,0.0
4913.108,0.0,0.0
4913.112,0.0,0.0
4913.113,0.0,0.0
4913.114,0.0,0.0
4913.116,0.0,0.0
4913.117,0.0,0.0
4913.119,0.0,0.0
4913.12,0.0,0.0
4913.121,0.0,0.0
4913.124,0.0,0.0
4913.125,0.0,0.0
4913.128,0.0,0.0
4913.128,0.0,0.0
4913.129,0.0,0.0
4913.132,0.0,0.0
4913.133,0.0,0.0
4913.134,0.0,0.0
4913.135,0.0,0.0
4913.135,0.0,0.0
4913.136,0.0,0.0
4913.137,0.0,0.0
4913.14,0.0,0.0
4913.141,0.0,0.0
4913.141,0.0,0.0
4913.142,0.0,0.0
4913.143,0.0,0.0
4913.144,0.0,0.0
4913.145,0.0,0.0
4913.145,0.0,0.0
4913.147,0.0,0.0
4913.148,0.0,0.0
4913.149,0.0,0.0
4913.15,0.0,0.0
4913.15,0.0,0.0
4913.151,0.0,0.0
4913.152,0.0,0.0
4913.156,0.0,0.0
4913.157,0.0,0.0
4913.157,0.0,0.0
4913.158,0.0,0.0
4913.159,0.0,0.0
4913.16,0.0,0.0
4913.161,0.0,0.0
4913.166,0.0,0.0
4913.167,0.0,0.0
4913.168,0.0,0.0
4913.169,0.0,0.0
4913.169,0.0,0.0
4913.17,0.0,0.0
4913.171,0.0,0.0
4913.177,0.0,0.0
4913.178,0.0,0.0
4913.178,0.0,0.0
4913.179,0.0,0.0
4913.18,0.0,0.0
4913.181,0.0,0.0
4913.186,0.0,0.0
4913.187,0.0,0.0
4913.188,0.0,0.0
4913.189,0.0,0.0
4913.19,0.0,0.0
4913.19,0.0,0.0
4913.191,0.0,0.0
4913.196,0.0,0.0
4913.197,0.0,0.0
4913.199,0.0,0.0
4913.2,0.0,0.0
4913.204,0.0,0.0
4913.206,0.0,0.0
4913.207,0.0,0.0
4913.208,0.0,0.0
4913.215,0.0,0.0
4913.216,0.0,0.0
4913.218,0.0,0.0
4913.219,0.0,0.0
4913.223,0.0,0.0
4913.225,0.0,0.0
4913.226,0.0,0.0
4913.227,0.0,0.0
4913.233,1.0,0.0
4913.234,1.0,0.0
4913.235,1.0,0.0
4913.235,1.0,0.0
4913.236,1.0,0.0
4913.237,1.0,0.0
4913.241,1.0,0.0
4913.242,1.0,0.0
4913.242,1.0,0.0
4913.243,1.0,0.0
4913.244,1.0,0.0
4913.245,1.0,0.0
4913.246,1.0,0.0
4913.249,1.0,0.0
4913.251,1.0,0.0
